"id","year","quarter","state_name","num_blocks_surveyed","households","males_age_0_4_years","females_age_0_4_years","persons_age_0_4_years","males_age_5_14_years","females_age_5_14_years","persons_age_5_14_years","males_age_15_29_years","females_age_15_29_years","persons_age_15_29_years","males_age_15_59_years","females_age_15_59_years","persons_age_15_59_years","males_age_15_above_years","females_age_15_above_years","persons_age_15_above_years","males_all_ages","females_all_ages","persons_all_ages","state_code"
0,"2019","April-June","Andhra Pradesh",224.0,1761.0,200.0,155.0,355.0,437.0,369.0,807.0,842.0,894.0,1738.0,2123.0,2238.0,4366.0,2463.0,2574.0,5043.0,3100.0,3098.0,6205.0,"28"
1,"2019","April-June","Assam",111.0,888.0,94.0,88.0,182.0,243.0,197.0,440.0,460.0,430.0,890.0,1189.0,1146.0,2335.0,1363.0,1305.0,2668.0,1700.0,1590.0,3290.0,"18"
2,"2019","April-June","Bihar",168.0,1342.0,299.0,236.0,536.0,701.0,611.0,1312.0,991.0,896.0,1887.0,2082.0,1936.0,4019.0,2356.0,2186.0,4543.0,3356.0,3033.0,6391.0,"10"
3,"2019","April-June","Chhattisgarh",102.0,810.0,130.0,115.0,246.0,286.0,261.0,547.0,489.0,516.0,1005.0,1157.0,1174.0,2331.0,1298.0,1315.0,2613.0,1714.0,1691.0,3406.0,"22"
4,"2019","April-June","Delhi",120.0,911.0,116.0,102.0,219.0,263.0,229.0,492.0,615.0,455.0,1071.0,1313.0,1045.0,2360.0,1450.0,1195.0,2647.0,1829.0,1526.0,3358.0,"07"
5,"2019","April-June","Gujarat",215.0,1657.0,222.0,171.0,393.0,510.0,430.0,941.0,1048.0,880.0,1929.0,2436.0,2239.0,4676.0,2831.0,2667.0,5499.0,3563.0,3268.0,6833.0,"24"
6,"2019","April-June","Haryana",159.0,1238.0,212.0,157.0,369.0,443.0,363.0,806.0,849.0,656.0,1505.0,1846.0,1589.0,3435.0,2081.0,1830.0,3912.0,2736.0,2350.0,5087.0,"06"
7,"2019","April-June","Himachal Pradesh",48.0,381.0,45.0,31.0,76.0,101.0,87.0,188.0,179.0,138.0,317.0,432.0,388.0,820.0,488.0,445.0,933.0,634.0,563.0,1197.0,"02"
8,"2019","April-June","Jammu And Kashmir",180.0,1417.0,213.0,208.0,421.0,485.0,425.0,910.0,844.0,758.0,1602.0,2138.0,2027.0,4165.0,2488.0,2365.0,4854.0,3186.0,2998.0,6185.0,"01"
9,"2019","April-June","Jharkhand",136.0,1082.0,175.0,135.0,310.0,397.0,390.0,787.0,688.0,657.0,1346.0,1515.0,1483.0,3001.0,1719.0,1666.0,3388.0,2291.0,2191.0,4485.0,"20"
10,"2019","April-June","Karnataka",296.0,2334.0,349.0,271.0,620.0,636.0,574.0,1210.0,1255.0,1183.0,2438.0,2975.0,2868.0,5845.0,3445.0,3357.0,6804.0,4430.0,4202.0,8634.0,"29"
11,"2019","April-June","Kerala",304.0,2421.0,318.0,322.0,640.0,617.0,618.0,1235.0,947.0,1047.0,1994.0,2684.0,3166.0,5851.0,3462.0,4075.0,7539.0,4397.0,5015.0,9414.0,"32"
12,"2019","April-June","Madhya Pradesh",248.0,1975.0,327.0,289.0,616.0,690.0,589.0,1279.0,1362.0,1227.0,2590.0,3022.0,2797.0,5820.0,3383.0,3213.0,6597.0,4400.0,4091.0,8492.0,"23"
13,"2019","April-June","Maharashtra",552.0,4345.0,576.0,527.0,1103.0,1351.0,1198.0,2549.0,2469.0,2272.0,4742.0,5872.0,5597.0,11471.0,6820.0,6632.0,13454.0,8747.0,8357.0,17106.0,"27"
14,"2019","April-June","Odisha",135.0,1069.0,104.0,123.0,227.0,247.0,230.0,477.0,508.0,557.0,1065.0,1302.0,1375.0,2678.0,1519.0,1543.0,3063.0,1870.0,1896.0,3767.0,"21"
15,"2019","April-June","Punjab",208.0,1655.0,273.0,221.0,494.0,536.0,471.0,1007.0,978.0,846.0,1824.0,2356.0,2153.0,4511.0,2703.0,2487.0,5192.0,3512.0,3179.0,6693.0,"03"
16,"2019","April-June","Rajasthan",216.0,1702.0,319.0,268.0,587.0,650.0,570.0,1220.0,1252.0,1124.0,2376.0,2651.0,2475.0,5126.0,3001.0,2842.0,5844.0,3970.0,3680.0,7651.0,"08"
17,"2019","April-June","Tamil Nadu",438.0,3476.0,360.0,343.0,703.0,767.0,667.0,1434.0,1559.0,1539.0,3098.0,3985.0,4170.0,8155.0,4703.0,4924.0,9628.0,5830.0,5934.0,11765.0,"33"
18,"2019","April-June","Telangana",198.0,1565.0,184.0,178.0,363.0,408.0,375.0,783.0,863.0,850.0,1713.0,2001.0,1976.0,3978.0,2280.0,2221.0,4502.0,2872.0,2774.0,5648.0,"36"
19,"2019","April-June","Uttarakhand",96.0,760.0,132.0,111.0,243.0,299.0,264.0,563.0,566.0,440.0,1006.0,1138.0,1023.0,2161.0,1257.0,1144.0,2401.0,1688.0,1519.0,3207.0,"05"
20,"2019","April-June","Uttar Pradesh",408.0,3238.0,661.0,529.0,1190.0,1458.0,1236.0,2694.0,2518.0,2303.0,4821.0,5177.0,4921.0,10098.0,5761.0,5472.0,11234.0,7880.0,7237.0,15118.0,"09"
21,"2019","April-June","West Bengal",375.0,2993.0,309.0,294.0,604.0,682.0,625.0,1308.0,1590.0,1605.0,3196.0,3957.0,4016.0,7975.0,4679.0,4731.0,9412.0,5670.0,5650.0,11324.0,"19"
22,"2019","April-June","All-India",5723.0,45288.0,6345.0,5603.0,11953.0,14130.0,12568.0,26702.0,26318.0,24711.0,51043.0,61783.0,60220.0,122035.0,71047.0,69681.0,140767.0,91522.0,87852.0,179422.0,"99"
23,"2019","July-September","Andhra Pradesh",225.0,1725.0,208.0,161.0,369.0,417.0,368.0,786.0,849.0,896.0,1746.0,2116.0,2214.0,4334.0,2432.0,2547.0,4984.0,3057.0,3076.0,6139.0,"28"
24,"2019","July-September","Assam",111.0,880.0,99.0,75.0,174.0,259.0,207.0,466.0,439.0,434.0,873.0,1155.0,1146.0,2301.0,1337.0,1305.0,2642.0,1695.0,1587.0,3282.0,"18"
25,"2019","July-September","Bihar",168.0,1342.0,264.0,241.0,506.0,698.0,600.0,1298.0,985.0,859.0,1844.0,2062.0,1890.0,3953.0,2330.0,2135.0,4466.0,3292.0,2976.0,6270.0,"10"
26,"2019","July-September","Chhattisgarh",102.0,806.0,139.0,115.0,255.0,272.0,271.0,543.0,488.0,516.0,1004.0,1154.0,1168.0,2322.0,1288.0,1306.0,2594.0,1699.0,1692.0,3392.0,"22"
27,"2019","July-September","Delhi",120.0,874.0,107.0,86.0,194.0,266.0,246.0,512.0,592.0,441.0,1033.0,1274.0,1035.0,2310.0,1411.0,1171.0,2583.0,1784.0,1503.0,3289.0,"07"
28,"2019","July-September","Gujarat",214.0,1611.0,231.0,184.0,415.0,500.0,405.0,905.0,1017.0,877.0,1894.0,2373.0,2187.0,4560.0,2745.0,2603.0,5348.0,3476.0,3192.0,6668.0,"24"
29,"2019","July-September","Haryana",159.0,1209.0,207.0,169.0,376.0,457.0,349.0,806.0,824.0,640.0,1464.0,1824.0,1580.0,3404.0,2059.0,1822.0,3882.0,2723.0,2340.0,5064.0,"06"
30,"2019","July-September","Himachal Pradesh",48.0,380.0,38.0,28.0,66.0,118.0,81.0,199.0,173.0,143.0,316.0,426.0,392.0,818.0,471.0,444.0,915.0,627.0,553.0,1180.0,"02"
31,"2019","July-September","Jammu And Kashmir",178.0,1366.0,209.0,203.0,412.0,490.0,429.0,919.0,790.0,754.0,1544.0,2040.0,1978.0,4018.0,2382.0,2309.0,4692.0,3081.0,2941.0,6023.0,"01"
32,"2019","July-September","Jharkhand",135.0,1067.0,168.0,139.0,307.0,414.0,363.0,777.0,677.0,652.0,1330.0,1498.0,1498.0,2999.0,1716.0,1694.0,3413.0,2298.0,2196.0,4497.0,"20"
33,"2019","July-September","Karnataka",296.0,2308.0,289.0,245.0,534.0,607.0,538.0,1145.0,1254.0,1170.0,2425.0,2913.0,2821.0,5737.0,3371.0,3300.0,6674.0,4267.0,4083.0,8353.0,"29"
34,"2019","July-September","Kerala",304.0,2371.0,325.0,334.0,659.0,616.0,633.0,1249.0,917.0,1037.0,1954.0,2598.0,3105.0,5703.0,3346.0,3973.0,7320.0,4287.0,4940.0,9228.0,"32"
35,"2019","July-September","Madhya Pradesh",248.0,1939.0,289.0,300.0,589.0,682.0,574.0,1256.0,1275.0,1154.0,2430.0,2885.0,2677.0,5563.0,3265.0,3090.0,6356.0,4236.0,3964.0,8201.0,"23"
36,"2019","July-September","Maharashtra",552.0,4213.0,529.0,512.0,1041.0,1347.0,1143.0,2490.0,2413.0,2167.0,4581.0,5733.0,5425.0,11160.0,6656.0,6454.0,13114.0,8532.0,8109.0,16645.0,"27"
37,"2019","July-September","Odisha",135.0,1049.0,106.0,113.0,219.0,250.0,229.0,479.0,509.0,520.0,1029.0,1279.0,1311.0,2591.0,1481.0,1476.0,2958.0,1837.0,1818.0,3656.0,"21"
38,"2019","July-September","Punjab",209.0,1607.0,260.0,215.0,475.0,534.0,445.0,979.0,939.0,799.0,1738.0,2254.0,2068.0,4323.0,2594.0,2397.0,4992.0,3388.0,3057.0,6446.0,"03"
39,"2019","July-September","Rajasthan",216.0,1671.0,314.0,284.0,598.0,650.0,585.0,1236.0,1215.0,1117.0,2332.0,2629.0,2462.0,5091.0,2996.0,2842.0,5839.0,3960.0,3711.0,7673.0,"08"
40,"2019","July-September","Tamil Nadu",438.0,3442.0,339.0,342.0,681.0,781.0,668.0,1449.0,1534.0,1558.0,3092.0,3946.0,4192.0,8138.0,4635.0,4893.0,9528.0,5755.0,5903.0,11658.0,"33"
41,"2019","July-September","Telangana",198.0,1548.0,180.0,170.0,351.0,416.0,363.0,779.0,885.0,847.0,1732.0,2014.0,1952.0,3967.0,2284.0,2201.0,4486.0,2880.0,2734.0,5616.0,"36"
42,"2019","July-September","Uttarakhand",96.0,742.0,128.0,101.0,229.0,288.0,244.0,532.0,513.0,451.0,964.0,1070.0,1025.0,2095.0,1201.0,1147.0,2348.0,1617.0,1492.0,3109.0,"05"
43,"2019","July-September","Uttar Pradesh",407.0,3204.0,668.0,548.0,1216.0,1475.0,1242.0,2717.0,2447.0,2284.0,4731.0,5059.0,4903.0,9962.0,5637.0,5445.0,11082.0,7780.0,7235.0,15015.0,"09"
44,"2019","July-September","West Bengal",376.0,2966.0,301.0,274.0,575.0,636.0,623.0,1260.0,1492.0,1516.0,3009.0,3822.0,3883.0,7706.0,4558.0,4625.0,9184.0,5495.0,5522.0,11019.0,"19"
45,"2019","July-September","All-India",5720.0,44471.0,6137.0,5562.0,11703.0,14099.0,12374.0,26477.0,25553.0,24202.0,49765.0,60392.0,59192.0,119610.0,69547.0,68550.0,138130.0,89783.0,86486.0,176310.0,"99"
46,"2019","October-December","Andhra Pradesh",224.0,1790.0,210.0,179.0,389.0,384.0,395.0,780.0,879.0,928.0,1807.0,2142.0,2257.0,4400.0,2469.0,2618.0,5088.0,3063.0,3192.0,6257.0,"28"
47,"2019","October-December","Assam",111.0,887.0,90.0,76.0,166.0,245.0,226.0,471.0,437.0,417.0,854.0,1148.0,1148.0,2296.0,1339.0,1305.0,2644.0,1674.0,1607.0,3281.0,"18"
48,"2019","October-December","Bihar",168.0,1342.0,242.0,233.0,476.0,719.0,625.0,1345.0,974.0,843.0,1817.0,2028.0,1870.0,3899.0,2284.0,2106.0,4391.0,3245.0,2964.0,6212.0,"10"
49,"2019","October-December","Chhattisgarh",102.0,816.0,135.0,117.0,253.0,274.0,270.0,544.0,498.0,514.0,1012.0,1177.0,1188.0,2365.0,1310.0,1320.0,2630.0,1719.0,1707.0,3427.0,"22"
50,"2019","October-December","Delhi",120.0,942.0,111.0,95.0,207.0,285.0,263.0,548.0,627.0,498.0,1125.0,1375.0,1160.0,2536.0,1525.0,1300.0,2826.0,1921.0,1658.0,3581.0,"07"
51,"2019","October-December","Gujarat",215.0,1666.0,244.0,212.0,456.0,520.0,396.0,916.0,1063.0,927.0,1990.0,2477.0,2270.0,4747.0,2843.0,2675.0,5518.0,3607.0,3283.0,6890.0,"24"
52,"2019","October-December","Haryana",159.0,1270.0,207.0,170.0,377.0,479.0,400.0,879.0,831.0,690.0,1521.0,1886.0,1664.0,3550.0,2133.0,1917.0,4051.0,2819.0,2487.0,5307.0,"06"
53,"2019","October-December","Himachal Pradesh",48.0,383.0,36.0,35.0,71.0,114.0,75.0,189.0,195.0,156.0,351.0,450.0,410.0,860.0,498.0,467.0,965.0,648.0,577.0,1225.0,"02"
54,"2019","October-December","Jammu And Kashmir",182.0,1432.0,223.0,204.0,427.0,514.0,468.0,982.0,843.0,798.0,1641.0,2169.0,2075.0,4244.0,2526.0,2408.0,4935.0,3263.0,3080.0,6344.0,"01"
55,"2019","October-December","Jharkhand",136.0,1086.0,176.0,129.0,305.0,403.0,357.0,760.0,719.0,640.0,1360.0,1534.0,1474.0,3011.0,1749.0,1671.0,3424.0,2328.0,2157.0,4489.0,"20"
56,"2019","October-December","Karnataka",295.0,2357.0,294.0,266.0,560.0,654.0,552.0,1206.0,1279.0,1202.0,2482.0,2962.0,2910.0,5876.0,3416.0,3375.0,6795.0,4364.0,4193.0,8561.0,"29"
57,"2019","October-December","Kerala",304.0,2431.0,327.0,351.0,678.0,621.0,615.0,1236.0,905.0,1022.0,1927.0,2599.0,3108.0,5707.0,3381.0,4011.0,7393.0,4329.0,4977.0,9307.0,"32"
58,"2019","October-December","Madhya Pradesh",247.0,1975.0,303.0,312.0,615.0,693.0,567.0,1260.0,1348.0,1206.0,2555.0,2976.0,2746.0,5723.0,3368.0,3158.0,6527.0,4364.0,4037.0,8402.0,"23"
59,"2019","October-December","Maharashtra",553.0,4392.0,562.0,511.0,1073.0,1414.0,1213.0,2627.0,2510.0,2228.0,4740.0,5998.0,5654.0,11655.0,6932.0,6683.0,13620.0,8908.0,8407.0,17320.0,"27"
60,"2019","October-December","Odisha",135.0,1074.0,111.0,120.0,231.0,287.0,240.0,527.0,538.0,531.0,1069.0,1351.0,1346.0,2698.0,1558.0,1521.0,3080.0,1956.0,1881.0,3838.0,"21"
61,"2019","October-December","Punjab",208.0,1657.0,235.0,218.0,453.0,553.0,434.0,987.0,1017.0,827.0,1844.0,2362.0,2114.0,4476.0,2714.0,2452.0,5166.0,3502.0,3104.0,6606.0,"03"
62,"2019","October-December","Rajasthan",216.0,1726.0,302.0,286.0,588.0,672.0,602.0,1275.0,1213.0,1099.0,2312.0,2648.0,2452.0,5100.0,3049.0,2852.0,5902.0,4023.0,3740.0,7765.0,"08"
63,"2019","October-December","Tamil Nadu",440.0,3516.0,330.0,343.0,673.0,783.0,661.0,1444.0,1565.0,1579.0,3144.0,4007.0,4238.0,8245.0,4741.0,4998.0,9739.0,5854.0,6002.0,11856.0,"33"
64,"2019","October-December","Telangana",198.0,1576.0,178.0,189.0,368.0,431.0,373.0,804.0,913.0,868.0,1781.0,2048.0,2006.0,4055.0,2337.0,2255.0,4593.0,2946.0,2817.0,5765.0,"36"
65,"2019","October-December","Uttarakhand",96.0,764.0,125.0,96.0,221.0,296.0,231.0,527.0,500.0,481.0,981.0,1072.0,1071.0,2143.0,1204.0,1193.0,2397.0,1625.0,1520.0,3145.0,"05"
66,"2019","October-December","Uttar Pradesh",408.0,3253.0,643.0,558.0,1201.0,1430.0,1244.0,2674.0,2505.0,2226.0,4731.0,5113.0,4867.0,9980.0,5725.0,5433.0,11158.0,7798.0,7235.0,15033.0,"09"
67,"2019","October-December","West Bengal",373.0,2973.0,294.0,274.0,568.0,670.0,610.0,1281.0,1447.0,1469.0,2917.0,3804.0,3863.0,7669.0,4545.0,4586.0,9133.0,5509.0,5470.0,10982.0,"19"
68,"2019","October-December","All-India",5722.0,45555.0,6130.0,5723.0,11857.0,14445.0,12625.0,27075.0,26205.0,24615.0,50830.0,61702.0,60329.0,122057.0,71085.0,69788.0,140906.0,91660.0,88136.0,179838.0,"99"
69,"2020","January-March","Andhra Pradesh",222.0,1708.0,176.0,165.0,341.0,370.0,377.0,748.0,808.0,901.0,1709.0,2004.0,2160.0,4165.0,2299.0,2492.0,4792.0,2845.0,3034.0,5881.0,"28"
70,"2020","January-March","Assam",108.0,848.0,74.0,83.0,157.0,234.0,224.0,458.0,397.0,380.0,777.0,1090.0,1089.0,2179.0,1265.0,1251.0,2516.0,1573.0,1558.0,3131.0,"18"
71,"2020","January-March","Bihar",168.0,1343.0,248.0,235.0,484.0,723.0,627.0,1351.0,942.0,821.0,1763.0,1980.0,1847.0,3828.0,2249.0,2068.0,4318.0,3220.0,2930.0,6153.0,"10"
72,"2020","January-March","Chhattisgarh",102.0,803.0,122.0,114.0,237.0,270.0,243.0,513.0,495.0,502.0,997.0,1147.0,1175.0,2322.0,1289.0,1312.0,2601.0,1681.0,1669.0,3351.0,"22"
73,"2020","January-March","Delhi",120.0,872.0,99.0,83.0,183.0,272.0,240.0,512.0,549.0,454.0,1003.0,1230.0,1053.0,2284.0,1380.0,1198.0,2579.0,1751.0,1521.0,3274.0,"07"
74,"2020","January-March","Gujarat",212.0,1588.0,216.0,186.0,402.0,488.0,349.0,837.0,1030.0,868.0,1898.0,2344.0,2130.0,4474.0,2686.0,2508.0,5194.0,3390.0,3043.0,6433.0,"24"
75,"2020","January-March","Haryana",159.0,1239.0,192.0,166.0,358.0,445.0,383.0,828.0,814.0,645.0,1459.0,1857.0,1575.0,3432.0,2117.0,1831.0,3949.0,2754.0,2380.0,5135.0,"06"
76,"2020","January-March","Himachal Pradesh",48.0,366.0,37.0,39.0,76.0,108.0,80.0,188.0,188.0,151.0,339.0,426.0,406.0,832.0,483.0,460.0,943.0,628.0,579.0,1207.0,"02"
77,"2020","January-March","Jammu And Kashmir",177.0,1400.0,218.0,192.0,410.0,489.0,456.0,945.0,832.0,801.0,1633.0,2144.0,2081.0,4225.0,2498.0,2415.0,4914.0,3205.0,3063.0,6269.0,"01"
78,"2020","January-March","Jharkhand",135.0,1062.0,174.0,129.0,303.0,389.0,366.0,755.0,739.0,659.0,1399.0,1561.0,1500.0,3064.0,1766.0,1689.0,3459.0,2329.0,2184.0,4517.0,"20"
79,"2020","January-March","Karnataka",296.0,2277.0,269.0,253.0,522.0,629.0,537.0,1166.0,1204.0,1119.0,2324.0,2844.0,2768.0,5616.0,3298.0,3243.0,6545.0,4196.0,4033.0,8233.0,"29"
80,"2020","January-March","Kerala",302.0,2353.0,310.0,322.0,632.0,588.0,588.0,1176.0,896.0,980.0,1876.0,2549.0,3007.0,5557.0,3313.0,3888.0,7203.0,4211.0,4798.0,9011.0,"32"
81,"2020","January-March","Madhya Pradesh",247.0,1922.0,292.0,289.0,581.0,709.0,574.0,1283.0,1312.0,1165.0,2477.0,2921.0,2706.0,5627.0,3308.0,3118.0,6426.0,4309.0,3981.0,8290.0,"23"
82,"2020","January-March","Maharashtra",527.0,4033.0,475.0,470.0,945.0,1266.0,1098.0,2364.0,2237.0,2006.0,4244.0,5424.0,5195.0,10620.0,6294.0,6149.0,12447.0,8035.0,7717.0,15756.0,"27"
83,"2020","January-March","Odisha",132.0,1037.0,113.0,107.0,220.0,278.0,237.0,515.0,494.0,497.0,991.0,1289.0,1286.0,2576.0,1484.0,1464.0,2949.0,1875.0,1808.0,3684.0,"21"
84,"2020","January-March","Punjab",208.0,1599.0,230.0,197.0,427.0,558.0,407.0,965.0,942.0,782.0,1724.0,2259.0,2060.0,4319.0,2603.0,2412.0,5015.0,3391.0,3016.0,6407.0,"03"
85,"2020","January-March","Rajasthan",216.0,1651.0,293.0,253.0,546.0,668.0,582.0,1251.0,1125.0,1039.0,2164.0,2514.0,2344.0,4858.0,2910.0,2718.0,5629.0,3871.0,3553.0,7426.0,"08"
86,"2020","January-March","Tamil Nadu",436.0,3419.0,294.0,324.0,618.0,732.0,633.0,1365.0,1528.0,1510.0,3038.0,3872.0,4078.0,7950.0,4616.0,4832.0,9448.0,5642.0,5789.0,11431.0,"33"
87,"2020","January-March","Telangana",197.0,1552.0,185.0,181.0,367.0,416.0,351.0,767.0,862.0,788.0,1650.0,1992.0,1892.0,3885.0,2269.0,2143.0,4413.0,2870.0,2675.0,5547.0,"36"
88,"2020","January-March","Uttarakhand",96.0,746.0,110.0,96.0,206.0,290.0,229.0,519.0,430.0,412.0,842.0,1000.0,985.0,1985.0,1135.0,1123.0,2258.0,1535.0,1448.0,2983.0,"05"
89,"2020","January-March","Uttar Pradesh",407.0,3210.0,608.0,562.0,1170.0,1401.0,1247.0,2648.0,2451.0,2154.0,4605.0,5082.0,4804.0,9886.0,5709.0,5355.0,11064.0,7718.0,7164.0,14882.0,"09"
90,"2020","January-March","West Bengal",357.0,2813.0,247.0,255.0,502.0,603.0,552.0,1156.0,1310.0,1357.0,2668.0,3517.0,3655.0,7173.0,4218.0,4341.0,8560.0,5068.0,5148.0,10218.0,"19"
91,"2020","January-March","All-India",5651.0,43971.0,5689.0,5355.0,11048.0,13944.0,12204.0,26153.0,24939.0,23337.0,48283.0,59378.0,58121.0,117519.0,68583.0,67391.0,136002.0,88216.0,84950.0,173203.0,"99"
92,"2020","April-June","Andhra Pradesh",221.0,1724.0,181.0,173.0,354.0,392.0,390.0,782.0,817.0,901.0,1718.0,2058.0,2220.0,4278.0,2369.0,2560.0,4929.0,2942.0,3123.0,6065.0,"28"
93,"2020","April-June","Assam",112.0,891.0,89.0,71.0,160.0,234.0,244.0,478.0,415.0,435.0,850.0,1136.0,1166.0,2302.0,1318.0,1325.0,2643.0,1641.0,1640.0,3281.0,"18"
94,"2020","April-June","Bihar",166.0,1319.0,248.0,226.0,474.0,717.0,601.0,1319.0,937.0,845.0,1782.0,1964.0,1861.0,3825.0,2232.0,2085.0,4317.0,3197.0,2912.0,6110.0,"10"
95,"2020","April-June","Chhattisgarh",102.0,804.0,106.0,111.0,217.0,282.0,243.0,525.0,468.0,499.0,967.0,1122.0,1166.0,2288.0,1254.0,1311.0,2565.0,1642.0,1665.0,3307.0,"22"
96,"2020","April-June","Delhi",119.0,851.0,93.0,63.0,156.0,262.0,218.0,480.0,533.0,427.0,960.0,1195.0,1021.0,2216.0,1354.0,1175.0,2529.0,1709.0,1456.0,3165.0,"07"
97,"2020","April-June","Gujarat",227.0,1697.0,209.0,189.0,398.0,527.0,387.0,914.0,1059.0,940.0,1999.0,2472.0,2320.0,4792.0,2841.0,2731.0,5572.0,3577.0,3307.0,6884.0,"24"
98,"2020","April-June","Haryana",160.0,1239.0,174.0,181.0,355.0,471.0,377.0,848.0,835.0,656.0,1491.0,1901.0,1620.0,3521.0,2155.0,1888.0,4043.0,2800.0,2446.0,5246.0,"06"
99,"2020","April-June","Himachal Pradesh",48.0,364.0,37.0,35.0,72.0,118.0,91.0,209.0,171.0,156.0,327.0,412.0,414.0,826.0,472.0,476.0,948.0,627.0,602.0,1229.0,"02"
100,"2020","April-June","Jammu And Kashmir",175.0,1391.0,218.0,197.0,415.0,532.0,464.0,996.0,800.0,790.0,1590.0,2105.0,2088.0,4193.0,2447.0,2418.0,4865.0,3197.0,3079.0,6276.0,"01"
101,"2020","April-June","Jharkhand",133.0,1044.0,172.0,122.0,294.0,412.0,358.0,770.0,752.0,679.0,1431.0,1570.0,1516.0,3086.0,1789.0,1721.0,3511.0,2373.0,2201.0,4575.0,"20"
102,"2020","April-June","Karnataka",294.0,2235.0,260.0,233.0,493.0,638.0,552.0,1190.0,1162.0,1095.0,2258.0,2804.0,2751.0,5558.0,3266.0,3244.0,6513.0,4164.0,4029.0,8196.0,"29"
103,"2020","April-June","Kerala",302.0,2362.0,300.0,305.0,605.0,632.0,591.0,1223.0,912.0,956.0,1868.0,2561.0,2967.0,5529.0,3341.0,3864.0,7206.0,4273.0,4760.0,9034.0,"32"
104,"2020","April-June","Madhya Pradesh",247.0,1914.0,276.0,274.0,550.0,685.0,585.0,1270.0,1283.0,1108.0,2391.0,2911.0,2675.0,5586.0,3311.0,3096.0,6407.0,4272.0,3955.0,8227.0,"23"
105,"2020","April-June","Maharashtra",517.0,3575.0,381.0,397.0,778.0,1118.0,965.0,2083.0,1916.0,1757.0,3673.0,4738.0,4638.0,9376.0,5510.0,5505.0,11018.0,7009.0,6867.0,13879.0,"27"
106,"2020","April-June","Odisha",130.0,1014.0,114.0,102.0,216.0,275.0,236.0,511.0,509.0,471.0,980.0,1307.0,1272.0,2585.0,1510.0,1462.0,2978.0,1899.0,1800.0,3705.0,"21"
107,"2020","April-June","Punjab",207.0,1507.0,213.0,182.0,395.0,514.0,398.0,912.0,890.0,732.0,1622.0,2130.0,1933.0,4063.0,2486.0,2291.0,4777.0,3213.0,2871.0,6084.0,"03"
108,"2020","April-June","Rajasthan",216.0,1656.0,284.0,269.0,553.0,724.0,634.0,1359.0,1147.0,1069.0,2216.0,2577.0,2431.0,5008.0,2977.0,2803.0,5780.0,3985.0,3706.0,7692.0,"08"
109,"2020","April-June","Tamil Nadu",434.0,3396.0,287.0,311.0,598.0,723.0,655.0,1378.0,1497.0,1512.0,3010.0,3866.0,4098.0,7965.0,4644.0,4895.0,9540.0,5654.0,5861.0,11516.0,"33"
110,"2020","April-June","Telangana",196.0,1512.0,170.0,167.0,337.0,400.0,341.0,741.0,806.0,719.0,1526.0,1914.0,1822.0,3737.0,2182.0,2086.0,4269.0,2752.0,2594.0,5347.0,"36"
111,"2020","April-June","Uttarakhand",95.0,720.0,101.0,88.0,189.0,264.0,219.0,483.0,447.0,434.0,881.0,1005.0,992.0,1997.0,1130.0,1126.0,2256.0,1495.0,1433.0,2928.0,"05"
112,"2020","April-June","Uttar Pradesh",407.0,3217.0,535.0,540.0,1075.0,1394.0,1218.0,2612.0,2442.0,2123.0,4565.0,5117.0,4777.0,9894.0,5754.0,5339.0,11093.0,7683.0,7097.0,14780.0,"09"
113,"2020","April-June","West Bengal",347.0,2739.0,249.0,266.0,515.0,564.0,549.0,1113.0,1286.0,1325.0,2611.0,3431.0,3537.0,6968.0,4116.0,4233.0,8349.0,4929.0,5048.0,9977.0,"19"
114,"2020","April-June","All-India",5635.0,43269.0,5446.0,5172.0,10618.0,13879.0,12136.0,26017.0,24431.0,22953.0,47387.0,58635.0,57670.0,116320.0,67887.0,67084.0,134990.0,87212.0,84392.0,171625.0,"99"
115,"2020","July-September","Andhra Pradesh",222.0,1710.0,164.0,153.0,317.0,392.0,370.0,762.0,783.0,864.0,1647.0,2013.0,2210.0,4224.0,2326.0,2548.0,4875.0,2882.0,3071.0,5954.0,"28"
116,"2020","July-September","Assam",112.0,893.0,83.0,79.0,162.0,218.0,239.0,457.0,428.0,421.0,849.0,1164.0,1160.0,2324.0,1336.0,1326.0,2662.0,1637.0,1644.0,3281.0,"18"
117,"2020","July-September","Bihar",163.0,1298.0,249.0,212.0,461.0,676.0,582.0,1259.0,941.0,848.0,1790.0,1963.0,1862.0,3827.0,2224.0,2078.0,4305.0,3149.0,2872.0,6025.0,"10"
118,"2020","July-September","Chhattisgarh",100.0,791.0,110.0,109.0,219.0,287.0,235.0,522.0,490.0,495.0,985.0,1127.0,1147.0,2274.0,1263.0,1297.0,2560.0,1660.0,1641.0,3301.0,"22"
119,"2020","July-September","Delhi",119.0,872.0,88.0,74.0,162.0,263.0,210.0,473.0,529.0,434.0,963.0,1197.0,1027.0,2224.0,1364.0,1196.0,2560.0,1715.0,1480.0,3195.0,"07"
120,"2020","July-September","Gujarat",225.0,1708.0,185.0,192.0,377.0,514.0,404.0,919.0,1049.0,909.0,1958.0,2465.0,2312.0,4777.0,2849.0,2735.0,5584.0,3548.0,3331.0,6880.0,"24"
121,"2020","July-September","Haryana",158.0,1250.0,156.0,180.0,336.0,471.0,386.0,857.0,819.0,658.0,1478.0,1886.0,1632.0,3520.0,2136.0,1883.0,4021.0,2763.0,2449.0,5214.0,"06"
122,"2020","July-September","Himachal Pradesh",48.0,362.0,40.0,37.0,77.0,102.0,92.0,194.0,156.0,147.0,303.0,398.0,401.0,799.0,460.0,471.0,931.0,602.0,600.0,1202.0,"02"
123,"2020","July-September","Jammu And Kashmir",175.0,1385.0,210.0,189.0,399.0,510.0,456.0,966.0,835.0,772.0,1607.0,2139.0,2048.0,4187.0,2466.0,2369.0,4835.0,3186.0,3014.0,6200.0,"01"
124,"2020","July-September","Jharkhand",132.0,1045.0,169.0,117.0,286.0,395.0,335.0,730.0,715.0,669.0,1384.0,1527.0,1486.0,3013.0,1748.0,1687.0,3436.0,2312.0,2139.0,4452.0,"20"
125,"2020","July-September","Karnataka",291.0,2239.0,274.0,231.0,505.0,648.0,556.0,1204.0,1135.0,1079.0,2214.0,2805.0,2737.0,5544.0,3283.0,3249.0,6534.0,4205.0,4036.0,8243.0,"29"
126,"2020","July-September","Kerala",302.0,2380.0,264.0,280.0,544.0,654.0,576.0,1230.0,924.0,937.0,1861.0,2563.0,2958.0,5522.0,3331.0,3875.0,7208.0,4249.0,4731.0,8982.0,"32"
127,"2020","July-September","Madhya Pradesh",247.0,1934.0,291.0,254.0,545.0,661.0,589.0,1250.0,1292.0,1112.0,2404.0,2917.0,2686.0,5604.0,3308.0,3106.0,6415.0,4260.0,3949.0,8210.0,"23"
128,"2020","July-September","Maharashtra",490.0,3563.0,391.0,355.0,747.0,1047.0,964.0,2011.0,1843.0,1697.0,3540.0,4636.0,4544.0,9180.0,5393.0,5387.0,10782.0,6831.0,6706.0,13540.0,"27"
129,"2020","July-September","Odisha",129.0,1013.0,109.0,100.0,209.0,258.0,246.0,504.0,531.0,488.0,1019.0,1337.0,1302.0,2645.0,1535.0,1504.0,3045.0,1902.0,1850.0,3758.0,"21"
130,"2020","July-September","Punjab",208.0,1523.0,232.0,173.0,405.0,526.0,415.0,941.0,926.0,758.0,1684.0,2210.0,1978.0,4188.0,2542.0,2322.0,4864.0,3300.0,2910.0,6210.0,"03"
131,"2020","July-September","Rajasthan",216.0,1637.0,265.0,248.0,513.0,714.0,615.0,1329.0,1143.0,1069.0,2214.0,2531.0,2437.0,4970.0,2898.0,2770.0,5670.0,3877.0,3633.0,7512.0,"08"
132,"2020","July-September","Tamil Nadu",430.0,3393.0,306.0,304.0,610.0,714.0,647.0,1361.0,1542.0,1514.0,3057.0,3934.0,4110.0,8046.0,4721.0,4926.0,9649.0,5741.0,5877.0,11620.0,"33"
133,"2020","July-September","Telangana",192.0,1519.0,169.0,168.0,338.0,394.0,371.0,765.0,790.0,724.0,1515.0,1922.0,1861.0,3785.0,2182.0,2117.0,4301.0,2745.0,2656.0,5404.0,"36"
134,"2020","July-September","Uttarakhand",94.0,727.0,97.0,90.0,187.0,267.0,229.0,496.0,459.0,431.0,891.0,1023.0,980.0,2004.0,1152.0,1111.0,2264.0,1516.0,1430.0,2947.0,"05"
135,"2020","July-September","Uttar Pradesh",407.0,3209.0,492.0,515.0,1007.0,1354.0,1161.0,2515.0,2443.0,2096.0,4540.0,5137.0,4700.0,9838.0,5798.0,5259.0,11058.0,7644.0,6935.0,14580.0,"09"
136,"2020","July-September","West Bengal",338.0,2679.0,248.0,250.0,498.0,549.0,522.0,1071.0,1298.0,1334.0,2632.0,3416.0,3526.0,6942.0,4075.0,4187.0,8262.0,4872.0,4959.0,9831.0,"19"
137,"2020","July-September","All-India",5581.0,43257.0,5308.0,4956.0,10266.0,13637.0,12055.0,25694.0,24495.0,22850.0,47353.0,58721.0,57637.0,116383.0,67897.0,67008.0,134935.0,86842.0,84019.0,170895.0,"99"
138,"2022","July-September","Andhra Pradesh",223.0,1727.0,156.0,148.0,304.0,416.0,388.0,804.0,718.0,779.0,1497.0,1912.0,2058.0,3971.0,2241.0,2409.0,4651.0,2813.0,2945.0,5759.0,"28"
139,"2022","July-September","Assam",110.0,880.0,89.0,74.0,163.0,258.0,222.0,480.0,468.0,446.0,914.0,1213.0,1195.0,2408.0,1417.0,1388.0,2805.0,1764.0,1684.0,3448.0,"18"
140,"2022","July-September","Bihar",167.0,1334.0,302.0,266.0,568.0,696.0,559.0,1255.0,928.0,829.0,1757.0,2009.0,1867.0,3876.0,2310.0,2148.0,4458.0,3308.0,2973.0,6281.0,"10"
141,"2022","July-September","Chhattisgarh",102.0,810.0,84.0,95.0,179.0,231.0,243.0,474.0,473.0,458.0,931.0,1124.0,1137.0,2261.0,1275.0,1292.0,2567.0,1590.0,1630.0,3220.0,"22"
142,"2022","July-September","Delhi",119.0,830.0,88.0,82.0,170.0,218.0,165.0,383.0,482.0,396.0,878.0,1043.0,909.0,1952.0,1192.0,1060.0,2252.0,1498.0,1307.0,2805.0,"07"
143,"2022","July-September","Gujarat",230.0,1811.0,234.0,212.0,446.0,615.0,465.0,1080.0,1096.0,1032.0,2128.0,2671.0,2503.0,5174.0,3112.0,2950.0,6062.0,3961.0,3627.0,7588.0,"24"
144,"2022","July-September","Haryana",160.0,1207.0,162.0,160.0,322.0,454.0,349.0,803.0,766.0,604.0,1370.0,1755.0,1542.0,3297.0,2035.0,1803.0,3838.0,2651.0,2312.0,4963.0,"06"
145,"2022","July-September","Himachal Pradesh",47.0,370.0,34.0,23.0,57.0,87.0,80.0,167.0,156.0,148.0,304.0,412.0,379.0,791.0,462.0,438.0,900.0,583.0,541.0,1124.0,"02"
146,"2022","July-September","Jharkhand",130.0,1030.0,149.0,131.0,280.0,382.0,335.0,717.0,628.0,624.0,1252.0,1429.0,1400.0,2829.0,1621.0,1580.0,3201.0,2152.0,2046.0,4198.0,"20"
147,"2022","July-September","Karnataka",294.0,2333.0,212.0,243.0,455.0,588.0,558.0,1146.0,1165.0,1085.0,2250.0,2848.0,2747.0,5595.0,3297.0,3241.0,6538.0,4097.0,4042.0,8139.0,"29"
148,"2022","July-September","Kerala",300.0,2367.0,262.0,236.0,498.0,595.0,574.0,1169.0,846.0,908.0,1754.0,2442.0,2823.0,5265.0,3224.0,3744.0,6968.0,4081.0,4554.0,8635.0,"32"
149,"2022","July-September","Madhya Pradesh",246.0,1905.0,279.0,239.0,518.0,644.0,599.0,1243.0,1227.0,1034.0,2261.0,2820.0,2621.0,5441.0,3207.0,3014.0,6221.0,4130.0,3852.0,7982.0,"23"
150,"2022","July-September","Maharashtra",550.0,4300.0,529.0,470.0,999.0,1247.0,1194.0,2441.0,2254.0,2026.0,4281.0,5694.0,5397.0,11093.0,6625.0,6453.0,13080.0,8401.0,8117.0,16520.0,"27"
151,"2022","July-September","Odisha",135.0,1065.0,120.0,112.0,232.0,267.0,259.0,526.0,508.0,512.0,1020.0,1309.0,1307.0,2616.0,1512.0,1497.0,3009.0,1899.0,1868.0,3767.0,"21"
152,"2022","July-September","Punjab",207.0,1480.0,145.0,149.0,294.0,414.0,385.0,799.0,761.0,566.0,1327.0,1898.0,1654.0,3552.0,2243.0,2017.0,4260.0,2802.0,2551.0,5353.0,"03"
153,"2022","July-September","Rajasthan",212.0,1622.0,232.0,187.0,419.0,672.0,528.0,1200.0,1114.0,983.0,2097.0,2489.0,2324.0,4813.0,2855.0,2714.0,5569.0,3759.0,3429.0,7188.0,"08"
154,"2022","July-September","Tamil Nadu",433.0,3402.0,312.0,282.0,594.0,687.0,620.0,1307.0,1480.0,1344.0,2824.0,3792.0,3792.0,7586.0,4531.0,4633.0,9166.0,5530.0,5535.0,11067.0,"33"
155,"2022","July-September","Telangana",195.0,1551.0,152.0,141.0,293.0,436.0,395.0,831.0,764.0,716.0,1480.0,1908.0,1841.0,3749.0,2176.0,2121.0,4297.0,2764.0,2657.0,5421.0,"36"
156,"2022","July-September","Uttarakhand",96.0,754.0,89.0,90.0,179.0,263.0,238.0,501.0,435.0,402.0,837.0,998.0,970.0,1968.0,1160.0,1129.0,2289.0,1512.0,1457.0,2969.0,"05"
157,"2022","July-September","Uttar Pradesh",406.0,3213.0,613.0,542.0,1155.0,1343.0,1134.0,2477.0,2255.0,2078.0,4333.0,4871.0,4670.0,9543.0,5494.0,5295.0,10791.0,7450.0,6971.0,14423.0,"09"
158,"2022","July-September","West Bengal",365.0,2890.0,261.0,228.0,489.0,608.0,547.0,1155.0,1284.0,1369.0,2653.0,3573.0,3681.0,7254.0,4298.0,4409.0,8707.0,5167.0,5184.0,10351.0,"19"
159,"2022","July-September","Jammu And Kashmir",166.0,1317.0,187.0,169.0,356.0,424.0,383.0,807.0,770.0,693.0,1463.0,1945.0,1869.0,3814.0,2284.0,2173.0,4457.0,2895.0,2725.0,5620.0,"01"
160,"2022","July-September","All-India",5669.0,44358.0,5433.0,5048.0,10481.0,13566.0,12223.0,25789.0,23753.0,22123.0,45878.0,58376.0,56921.0,115307.0,67971.0,66974.0,134955.0,86970.0,84245.0,171225.0,"99"
161,"2022","October-December","Andhra Pradesh",219.0,1719.0,171.0,150.0,321.0,395.0,382.0,777.0,751.0,802.0,1553.0,1936.0,2074.0,4011.0,2259.0,2420.0,4680.0,2825.0,2952.0,5778.0,"28"
162,"2022","October-December","Assam",110.0,880.0,94.0,68.0,162.0,268.0,226.0,494.0,433.0,432.0,865.0,1180.0,1189.0,2369.0,1385.0,1381.0,2766.0,1747.0,1675.0,3422.0,"18"
163,"2022","October-December","Bihar",168.0,1343.0,306.0,278.0,584.0,654.0,545.0,1199.0,899.0,818.0,1717.0,1977.0,1845.0,3822.0,2278.0,2123.0,4401.0,3238.0,2946.0,6184.0,"10"
164,"2022","October-December","Chhattisgarh",103.0,821.0,99.0,81.0,180.0,236.0,247.0,483.0,476.0,484.0,960.0,1123.0,1175.0,2298.0,1287.0,1336.0,2623.0,1622.0,1664.0,3286.0,"22"
165,"2022","October-December","Delhi",119.0,828.0,83.0,83.0,166.0,217.0,180.0,397.0,495.0,389.0,884.0,1067.0,924.0,1991.0,1202.0,1063.0,2265.0,1502.0,1326.0,2828.0,"07"
166,"2022","October-December","Gujarat",231.0,1810.0,256.0,216.0,472.0,578.0,478.0,1056.0,1125.0,1040.0,2165.0,2732.0,2519.0,5251.0,3159.0,2960.0,6119.0,3993.0,3654.0,7647.0,"24"
167,"2022","October-December","Haryana",159.0,1197.0,175.0,159.0,334.0,456.0,352.0,808.0,740.0,604.0,1344.0,1732.0,1543.0,3275.0,2009.0,1792.0,3801.0,2640.0,2303.0,4943.0,"06"
168,"2022","October-December","Himachal Pradesh",48.0,377.0,32.0,28.0,60.0,88.0,79.0,167.0,156.0,165.0,321.0,403.0,396.0,799.0,448.0,457.0,905.0,568.0,564.0,1132.0,"02"
169,"2022","October-December","Jharkhand",132.0,1048.0,155.0,121.0,276.0,404.0,327.0,731.0,643.0,618.0,1261.0,1440.0,1426.0,2866.0,1633.0,1610.0,3243.0,2192.0,2058.0,4250.0,"20"
170,"2022","October-December","Karnataka",295.0,2344.0,240.0,237.0,477.0,594.0,522.0,1116.0,1177.0,1118.0,2295.0,2879.0,2789.0,5668.0,3334.0,3256.0,6590.0,4168.0,4015.0,8183.0,"29"
171,"2022","October-December","Kerala",303.0,2401.0,274.0,215.0,489.0,617.0,566.0,1183.0,879.0,892.0,1771.0,2465.0,2821.0,5286.0,3232.0,3725.0,6957.0,4123.0,4506.0,8629.0,"32"
172,"2022","October-December","Madhya Pradesh",246.0,1924.0,292.0,256.0,548.0,616.0,572.0,1188.0,1240.0,1065.0,2305.0,2847.0,2659.0,5506.0,3211.0,3056.0,6267.0,4119.0,3884.0,8003.0,"23"
173,"2022","October-December","Maharashtra",557.0,4380.0,497.0,442.0,939.0,1200.0,1158.0,2358.0,2245.0,1989.0,4235.0,5706.0,5396.0,11104.0,6667.0,6431.0,13100.0,8364.0,8031.0,16397.0,"27"
174,"2022","October-December","Odisha",135.0,1038.0,115.0,100.0,215.0,256.0,251.0,507.0,489.0,489.0,978.0,1271.0,1275.0,2546.0,1489.0,1474.0,2963.0,1860.0,1825.0,3685.0,"21"
175,"2022","October-December","Punjab",207.0,1465.0,152.0,155.0,307.0,405.0,374.0,779.0,776.0,596.0,1372.0,1881.0,1672.0,3553.0,2214.0,2038.0,4252.0,2771.0,2567.0,5338.0,"03"
176,"2022","October-December","Rajasthan",215.0,1652.0,234.0,213.0,447.0,667.0,560.0,1227.0,1149.0,1030.0,2179.0,2563.0,2394.0,4957.0,2930.0,2788.0,5718.0,3831.0,3561.0,7392.0,"08"
177,"2022","October-December","Tamil Nadu",433.0,3428.0,316.0,282.0,598.0,669.0,617.0,1286.0,1460.0,1356.0,2816.0,3756.0,3841.0,7599.0,4548.0,4687.0,9237.0,5533.0,5586.0,11121.0,"33"
178,"2022","October-December","Telangana",199.0,1584.0,169.0,151.0,320.0,437.0,377.0,814.0,772.0,721.0,1493.0,1936.0,1855.0,3791.0,2209.0,2147.0,4356.0,2815.0,2675.0,5490.0,"36"
179,"2022","October-December","Uttarakhand",96.0,746.0,94.0,86.0,180.0,251.0,210.0,461.0,452.0,390.0,842.0,1005.0,937.0,1942.0,1155.0,1083.0,2238.0,1500.0,1379.0,2879.0,"05"
180,"2022","October-December","Uttar Pradesh",403.0,3191.0,605.0,545.0,1150.0,1346.0,1147.0,2493.0,2199.0,2025.0,4224.0,4797.0,4622.0,9421.0,5401.0,5249.0,10652.0,7352.0,6941.0,14295.0,"09"
181,"2022","October-December","West Bengal",374.0,2968.0,274.0,248.0,522.0,622.0,578.0,1200.0,1347.0,1373.0,2720.0,3700.0,3748.0,7448.0,4449.0,4501.0,8950.0,5345.0,5327.0,10672.0,"19"
182,"2022","October-December","Jammu And Kashmir",168.0,1336.0,181.0,168.0,349.0,448.0,403.0,851.0,733.0,708.0,1441.0,1927.0,1896.0,3823.0,2259.0,2219.0,4478.0,2888.0,2790.0,5678.0,"01"
183,"2022","October-December","All-India",5706.0,44722.0,5562.0,5116.0,10678.0,13416.0,12190.0,25606.0,23777.0,22186.0,45965.0,58566.0,57259.0,115835.0,68207.0,67302.0,135519.0,87185.0,84608.0,171803.0,"99"
184,"2023","January-March","Andhra Pradesh",221.0,1747.0,199.0,146.0,345.0,415.0,375.0,790.0,811.0,798.0,1609.0,2034.0,2144.0,4179.0,2348.0,2477.0,4826.0,2962.0,2998.0,5961.0,"28"
185,"2023","January-March","Assam",111.0,887.0,103.0,66.0,169.0,270.0,196.0,466.0,428.0,433.0,861.0,1154.0,1176.0,2330.0,1356.0,1362.0,2718.0,1729.0,1624.0,3353.0,"18"
186,"2023","January-March","Bihar",168.0,1344.0,338.0,268.0,606.0,610.0,554.0,1164.0,886.0,784.0,1670.0,1979.0,1823.0,3802.0,2254.0,2085.0,4339.0,3202.0,2907.0,6109.0,"10"
187,"2023","January-March","Chhattisgarh",104.0,832.0,108.0,88.0,196.0,226.0,249.0,475.0,476.0,481.0,957.0,1136.0,1168.0,2304.0,1314.0,1342.0,2656.0,1648.0,1679.0,3327.0,"22"
188,"2023","January-March","Delhi",120.0,842.0,82.0,87.0,169.0,224.0,195.0,419.0,477.0,413.0,890.0,1076.0,952.0,2028.0,1207.0,1086.0,2293.0,1513.0,1368.0,2881.0,"07"
189,"2023","January-March","Gujarat",232.0,1813.0,253.0,218.0,471.0,582.0,452.0,1034.0,1148.0,1026.0,2174.0,2752.0,2541.0,5293.0,3191.0,2992.0,6183.0,4026.0,3662.0,7688.0,"24"
190,"2023","January-March","Haryana",160.0,1207.0,168.0,140.0,308.0,440.0,342.0,782.0,737.0,566.0,1303.0,1736.0,1504.0,3240.0,1991.0,1760.0,3751.0,2599.0,2242.0,4841.0,"06"
191,"2023","January-March","Himachal Pradesh",48.0,373.0,34.0,29.0,63.0,86.0,87.0,173.0,150.0,156.0,306.0,388.0,376.0,764.0,421.0,434.0,855.0,541.0,550.0,1091.0,"02"
192,"2023","January-March","Jharkhand",133.0,1055.0,149.0,121.0,270.0,406.0,324.0,730.0,649.0,608.0,1257.0,1436.0,1414.0,2850.0,1646.0,1591.0,3237.0,2201.0,2036.0,4237.0,"20"
193,"2023","January-March","Karnataka",296.0,2347.0,246.0,224.0,470.0,583.0,507.0,1090.0,1196.0,1139.0,2335.0,2887.0,2788.0,5675.0,3331.0,3223.0,6554.0,4160.0,3954.0,8114.0,"29"
194,"2023","January-March","Kerala",302.0,2392.0,263.0,223.0,486.0,605.0,538.0,1143.0,868.0,901.0,1769.0,2383.0,2797.0,5180.0,3175.0,3695.0,6870.0,4043.0,4456.0,8499.0,"32"
195,"2023","January-March","Madhya Pradesh",246.0,1939.0,308.0,254.0,562.0,641.0,561.0,1202.0,1237.0,1112.0,2349.0,2877.0,2723.0,5601.0,3225.0,3110.0,6336.0,4174.0,3925.0,8100.0,"23"
196,"2023","January-March","Maharashtra",555.0,4380.0,494.0,432.0,926.0,1178.0,1169.0,2347.0,2199.0,1929.0,4128.0,5642.0,5319.0,10962.0,6608.0,6368.0,12977.0,8280.0,7969.0,16250.0,"27"
197,"2023","January-March","Odisha",136.0,1066.0,113.0,112.0,225.0,269.0,251.0,520.0,486.0,499.0,985.0,1259.0,1280.0,2539.0,1492.0,1492.0,2984.0,1874.0,1855.0,3729.0,"21"
198,"2023","January-March","Punjab",208.0,1495.0,167.0,161.0,328.0,430.0,395.0,825.0,821.0,611.0,1432.0,1979.0,1731.0,3710.0,2305.0,2110.0,4415.0,2902.0,2666.0,5568.0,"03"
199,"2023","January-March","Rajasthan",216.0,1636.0,242.0,211.0,453.0,643.0,545.0,1188.0,1129.0,999.0,2128.0,2515.0,2333.0,4848.0,2883.0,2706.0,5589.0,3768.0,3462.0,7230.0,"08"
200,"2023","January-March","Tamil Nadu",438.0,3490.0,309.0,275.0,584.0,668.0,655.0,1323.0,1529.0,1418.0,2947.0,3867.0,3959.0,7826.0,4679.0,4813.0,9492.0,5656.0,5743.0,11399.0,"33"
201,"2023","January-March","Telangana",198.0,1581.0,155.0,151.0,306.0,473.0,380.0,853.0,773.0,722.0,1495.0,1946.0,1859.0,3805.0,2205.0,2135.0,4340.0,2833.0,2666.0,5499.0,"36"
202,"2023","January-March","Uttarakhand",96.0,743.0,94.0,88.0,182.0,267.0,228.0,495.0,431.0,364.0,795.0,983.0,912.0,1895.0,1128.0,1053.0,2181.0,1489.0,1369.0,2858.0,"05"
203,"2023","January-March","Uttar Pradesh",408.0,3239.0,619.0,567.0,1186.0,1316.0,1109.0,2425.0,2265.0,2105.0,4370.0,4878.0,4756.0,9635.0,5483.0,5358.0,10842.0,7418.0,7034.0,14453.0,"09"
204,"2023","January-March","West Bengal",375.0,2980.0,263.0,247.0,510.0,640.0,579.0,1219.0,1377.0,1376.0,2753.0,3779.0,3795.0,7574.0,4561.0,4546.0,9107.0,5464.0,5372.0,10836.0,"19"
205,"2023","January-March","Jammu And Kashmir",168.0,1339.0,180.0,166.0,346.0,437.0,402.0,839.0,711.0,656.0,1367.0,1900.0,1851.0,3751.0,2258.0,2189.0,4447.0,2875.0,2757.0,5632.0,"01"
206,"2023","January-March","All-India",5726.0,44982.0,5628.0,5131.0,10759.0,13343.0,12116.0,25459.0,23887.0,22147.0,46034.0,58757.0,57436.0,116197.0,68451.0,67416.0,135871.0,87422.0,84663.0,172089.0,"99"
207,"2023","April-June","Andhra Pradesh",221.0,1742.0,186.0,132.0,318.0,393.0,346.0,739.0,811.0,757.0,1568.0,1995.0,2120.0,4116.0,2318.0,2448.0,4767.0,2897.0,2926.0,5824.0,"28"
208,"2023","April-June","Assam",112.0,893.0,99.0,68.0,167.0,264.0,188.0,452.0,437.0,408.0,845.0,1163.0,1142.0,2305.0,1354.0,1332.0,2686.0,1717.0,1588.0,3305.0,"18"
209,"2023","April-June","Bihar",168.0,1344.0,357.0,255.0,612.0,559.0,535.0,1094.0,920.0,766.0,1686.0,2002.0,1818.0,3820.0,2276.0,2053.0,4329.0,3192.0,2843.0,6035.0,"10"
210,"2023","April-June","Chhattisgarh",104.0,830.0,115.0,98.0,213.0,233.0,243.0,476.0,481.0,472.0,953.0,1163.0,1163.0,2326.0,1340.0,1337.0,2677.0,1688.0,1678.0,3366.0,"22"
211,"2023","April-June","Delhi",120.0,833.0,78.0,75.0,153.0,208.0,184.0,392.0,481.0,398.0,879.0,1058.0,921.0,1979.0,1188.0,1067.0,2255.0,1474.0,1326.0,2800.0,"07"
212,"2023","April-June","Gujarat",232.0,1816.0,254.0,204.0,458.0,553.0,449.0,1002.0,1143.0,1000.0,2143.0,2740.0,2536.0,5276.0,3187.0,3004.0,6191.0,3994.0,3657.0,7651.0,"24"
213,"2023","April-June","Haryana",160.0,1178.0,149.0,146.0,295.0,428.0,327.0,755.0,725.0,569.0,1294.0,1682.0,1480.0,3162.0,1932.0,1757.0,3689.0,2509.0,2230.0,4739.0,"06"
214,"2023","April-June","Himachal Pradesh",48.0,373.0,28.0,28.0,56.0,99.0,74.0,173.0,144.0,148.0,292.0,381.0,368.0,749.0,423.0,442.0,865.0,550.0,544.0,1094.0,"02"
215,"2023","April-June","Jharkhand",135.0,1065.0,155.0,138.0,293.0,422.0,314.0,736.0,661.0,616.0,1277.0,1444.0,1419.0,2863.0,1647.0,1594.0,3241.0,2224.0,2046.0,4270.0,"20"
216,"2023","April-June","Karnataka",296.0,2354.0,241.0,232.0,473.0,553.0,466.0,1019.0,1199.0,1135.0,2334.0,2878.0,2777.0,5655.0,3323.0,3214.0,6537.0,4117.0,3912.0,8029.0,"29"
217,"2023","April-June","Kerala",302.0,2389.0,260.0,223.0,483.0,589.0,535.0,1124.0,845.0,902.0,1747.0,2346.0,2776.0,5122.0,3160.0,3677.0,6837.0,4009.0,4435.0,8444.0,"32"
218,"2023","April-June","Madhya Pradesh",245.0,1918.0,267.0,260.0,527.0,611.0,547.0,1158.0,1226.0,1129.0,2355.0,2816.0,2710.0,5526.0,3184.0,3092.0,6276.0,4062.0,3899.0,7961.0,"23"
219,"2023","April-June","Maharashtra",555.0,4366.0,466.0,420.0,886.0,1177.0,1102.0,2279.0,2181.0,1928.0,4109.0,5623.0,5279.0,10902.0,6550.0,6304.0,12854.0,8193.0,7826.0,16019.0,"27"
220,"2023","April-June","Odisha",136.0,1068.0,113.0,114.0,227.0,253.0,235.0,488.0,509.0,482.0,991.0,1277.0,1276.0,2553.0,1517.0,1483.0,3000.0,1883.0,1832.0,3715.0,"21"
221,"2023","April-June","Punjab",208.0,1483.0,158.0,161.0,319.0,435.0,381.0,816.0,800.0,608.0,1409.0,1928.0,1724.0,3653.0,2265.0,2101.0,4367.0,2858.0,2643.0,5502.0,"03"
222,"2023","April-June","Rajasthan",216.0,1629.0,261.0,193.0,454.0,615.0,512.0,1127.0,1135.0,990.0,2125.0,2474.0,2300.0,4774.0,2856.0,2679.0,5535.0,3732.0,3384.0,7116.0,"08"
223,"2023","April-June","Tamil Nadu",438.0,3493.0,301.0,278.0,579.0,677.0,666.0,1343.0,1530.0,1407.0,2937.0,3872.0,3966.0,7838.0,4734.0,4857.0,9591.0,5712.0,5801.0,11513.0,"33"
224,"2023","April-June","Telangana",198.0,1581.0,157.0,160.0,317.0,453.0,378.0,831.0,788.0,722.0,1510.0,1928.0,1859.0,3787.0,2180.0,2111.0,4291.0,2790.0,2649.0,5439.0,"36"
225,"2023","April-June","Uttarakhand",96.0,730.0,91.0,79.0,170.0,250.0,228.0,478.0,416.0,346.0,762.0,959.0,887.0,1846.0,1101.0,1018.0,2119.0,1442.0,1325.0,2767.0,"05"
226,"2023","April-June","Uttar Pradesh",408.0,3251.0,656.0,575.0,1231.0,1347.0,1093.0,2440.0,2274.0,2043.0,4317.0,4914.0,4693.0,9607.0,5501.0,5280.0,10781.0,7504.0,6948.0,14452.0,"09"
227,"2023","April-June","West Bengal",375.0,2984.0,265.0,276.0,541.0,634.0,593.0,1227.0,1397.0,1420.0,2817.0,3806.0,3868.0,7674.0,4616.0,4629.0,9245.0,5515.0,5498.0,11013.0,"19"
228,"2023","April-June","Jammu And Kashmir",168.0,1344.0,195.0,171.0,366.0,453.0,395.0,848.0,715.0,646.0,1361.0,1895.0,1834.0,3729.0,2255.0,2167.0,4422.0,2903.0,2733.0,5636.0,"01"
229,"2023","April-June","All-India",5639.0,44190.0,5488.0,4998.0,10486.0,12890.0,11464.0,24354.0,23526.0,21583.0,45110.0,57532.0,56165.0,113700.0,67118.0,65955.0,133076.0,85496.0,82417.0,167916.0,"99"
230,"2023","July-September","Andhra Pradesh",221.0,1757.0,190.0,138.0,328.0,395.0,367.0,762.0,791.0,740.0,1531.0,1959.0,2108.0,4067.0,2285.0,2429.0,4714.0,2870.0,2934.0,5804.0,"28"
231,"2023","July-September","Assam",112.0,893.0,99.0,75.0,174.0,263.0,192.0,455.0,403.0,400.0,803.0,1141.0,1128.0,2269.0,1332.0,1325.0,2657.0,1694.0,1592.0,3286.0,"18"
232,"2023","July-September","Bihar",168.0,1343.0,368.0,250.0,618.0,568.0,546.0,1114.0,914.0,780.0,1694.0,2009.0,1849.0,3858.0,2267.0,2081.0,4348.0,3203.0,2877.0,6080.0,"10"
233,"2023","July-September","Chhattisgarh",104.0,832.0,110.0,94.0,204.0,244.0,233.0,477.0,503.0,479.0,982.0,1205.0,1188.0,2393.0,1384.0,1367.0,2751.0,1738.0,1694.0,3432.0,"22"
234,"2023","July-September","Delhi",120.0,805.0,69.0,70.0,139.0,214.0,199.0,413.0,455.0,355.0,810.0,1046.0,861.0,1907.0,1165.0,995.0,2160.0,1448.0,1264.0,2712.0,"07"
235,"2023","July-September","Gujarat",232.0,1831.0,260.0,198.0,458.0,503.0,431.0,934.0,1155.0,986.0,2141.0,2739.0,2504.0,5243.0,3157.0,2973.0,6130.0,3920.0,3602.0,7522.0,"24"
236,"2023","July-September","Haryana",160.0,1186.0,158.0,145.0,303.0,403.0,318.0,721.0,725.0,575.0,1300.0,1672.0,1481.0,3153.0,1910.0,1756.0,3666.0,2471.0,2219.0,4690.0,"06"
237,"2023","July-September","Himachal Pradesh",48.0,370.0,32.0,32.0,64.0,95.0,69.0,164.0,158.0,146.0,304.0,403.0,363.0,766.0,441.0,421.0,862.0,568.0,522.0,1090.0,"02"
238,"2023","July-September","Jharkhand",135.0,1071.0,153.0,137.0,290.0,408.0,318.0,726.0,679.0,614.0,1294.0,1469.0,1442.0,2912.0,1675.0,1624.0,3300.0,2236.0,2079.0,4316.0,"20"
239,"2023","July-September","Karnataka",296.0,2362.0,249.0,222.0,471.0,534.0,461.0,995.0,1189.0,1131.0,2320.0,2885.0,2803.0,5688.0,3328.0,3279.0,6607.0,4111.0,3962.0,8073.0,"29"
240,"2023","July-September","Kerala",303.0,2401.0,240.0,248.0,488.0,610.0,580.0,1190.0,830.0,900.0,1730.0,2330.0,2807.0,5137.0,3111.0,3705.0,6816.0,3961.0,4533.0,8494.0,"32"
241,"2023","July-September","Madhya Pradesh",246.0,1923.0,274.0,247.0,521.0,627.0,568.0,1195.0,1178.0,1090.0,2268.0,2743.0,2672.0,5415.0,3108.0,3076.0,6184.0,4009.0,3891.0,7900.0,"23"
242,"2023","July-September","Maharashtra",555.0,4394.0,455.0,433.0,888.0,1205.0,1114.0,2319.0,2218.0,1939.0,4157.0,5692.0,5307.0,10999.0,6632.0,6331.0,12963.0,8292.0,7878.0,16170.0,"27"
243,"2023","July-September","Odisha",136.0,1065.0,107.0,119.0,226.0,246.0,230.0,476.0,524.0,493.0,1017.0,1298.0,1297.0,2595.0,1540.0,1519.0,3059.0,1893.0,1868.0,3761.0,"21"
244,"2023","July-September","Punjab",208.0,1495.0,171.0,162.0,333.0,455.0,408.0,863.0,779.0,604.0,1384.0,1913.0,1725.0,3639.0,2263.0,2101.0,4365.0,2889.0,2671.0,5561.0,"03"
245,"2023","July-September","Rajasthan",216.0,1578.0,247.0,207.0,454.0,578.0,490.0,1068.0,1127.0,964.0,2091.0,2418.0,2261.0,4679.0,2774.0,2618.0,5392.0,3599.0,3315.0,6914.0,"08"
246,"2023","July-September","Tamil Nadu",438.0,3483.0,294.0,280.0,574.0,706.0,674.0,1380.0,1477.0,1415.0,2892.0,3828.0,4005.0,7834.0,4655.0,4875.0,9531.0,5655.0,5829.0,11485.0,"33"
247,"2023","July-September","Telangana",198.0,1583.0,158.0,155.0,313.0,434.0,400.0,834.0,777.0,704.0,1481.0,1899.0,1839.0,3738.0,2154.0,2104.0,4258.0,2746.0,2659.0,5405.0,"36"
248,"2023","July-September","Uttarakhand",96.0,739.0,91.0,81.0,172.0,249.0,239.0,488.0,400.0,349.0,749.0,954.0,890.0,1844.0,1096.0,1017.0,2113.0,1436.0,1337.0,2773.0,"05"
249,"2023","July-September","Uttar Pradesh",408.0,3249.0,624.0,547.0,1171.0,1363.0,1130.0,2493.0,2272.0,2018.0,4290.0,4931.0,4702.0,9633.0,5502.0,5272.0,10774.0,7489.0,6949.0,14438.0,"09"
250,"2023","July-September","West Bengal",376.0,2991.0,269.0,281.0,550.0,664.0,604.0,1268.0,1387.0,1437.0,2824.0,3842.0,3913.0,7755.0,4659.0,4685.0,9344.0,5592.0,5570.0,11162.0,"19"
251,"2023","July-September","Jammu And Kashmir",168.0,1342.0,190.0,181.0,371.0,440.0,373.0,813.0,713.0,634.0,1347.0,1905.0,1807.0,3712.0,2247.0,2130.0,4377.0,2877.0,2684.0,5561.0,"01"
252,"2023","July-September","All-India",5706.0,44738.0,5510.0,5089.0,10599.0,13090.0,11816.0,24906.0,23621.0,21680.0,45303.0,58111.0,56866.0,114981.0,67697.0,66798.0,134499.0,86297.0,83703.0,170004.0,"99"
253,"2021","October-December","Andhra Pradesh",224.0,1766.0,174.0,162.0,336.0,463.0,384.0,847.0,798.0,841.0,1639.0,2061.0,2216.0,4277.0,2371.0,2515.0,4886.0,3008.0,3061.0,6069.0,"28"
254,"2021","October-December","Assam",112.0,895.0,75.0,63.0,138.0,255.0,200.0,455.0,443.0,403.0,846.0,1222.0,1167.0,2389.0,1386.0,1318.0,2704.0,1716.0,1581.0,3297.0,"18"
255,"2021","October-December","Bihar",167.0,1333.0,291.0,261.0,552.0,718.0,614.0,1332.0,992.0,867.0,1859.0,2054.0,1917.0,3971.0,2359.0,2188.0,4548.0,3368.0,3063.0,6432.0,"10"
256,"2021","October-December","Chhattisgarh",104.0,823.0,111.0,100.0,211.0,296.0,284.0,580.0,492.0,478.0,970.0,1190.0,1188.0,2378.0,1332.0,1339.0,2671.0,1739.0,1723.0,3462.0,"22"
257,"2021","October-December","Delhi",120.0,802.0,71.0,74.0,145.0,223.0,172.0,395.0,476.0,387.0,863.0,1075.0,906.0,1981.0,1216.0,1066.0,2282.0,1510.0,1312.0,2822.0,"07"
258,"2021","October-December","Gujarat",232.0,1839.0,258.0,195.0,453.0,548.0,459.0,1007.0,1184.0,1000.0,2184.0,2763.0,2507.0,5270.0,3200.0,2974.0,6175.0,4006.0,3628.0,7635.0,"24"
259,"2021","October-December","Haryana",160.0,1230.0,160.0,164.0,324.0,441.0,374.0,815.0,754.0,630.0,1384.0,1742.0,1550.0,3292.0,2005.0,1803.0,3808.0,2606.0,2341.0,4947.0,"06"
260,"2021","October-December","Himachal Pradesh",48.0,361.0,27.0,23.0,50.0,97.0,73.0,170.0,157.0,136.0,293.0,420.0,372.0,792.0,479.0,430.0,909.0,603.0,526.0,1129.0,"02"
261,"2021","October-December","Jharkhand",134.0,1043.0,156.0,124.0,280.0,400.0,358.0,758.0,696.0,619.0,1315.0,1527.0,1419.0,2947.0,1740.0,1609.0,3350.0,2296.0,2091.0,4388.0,"20"
262,"2021","October-December","Karnataka",296.0,2349.0,258.0,242.0,500.0,633.0,569.0,1202.0,1144.0,1110.0,2254.0,2861.0,2871.0,5733.0,3313.0,3383.0,6697.0,4204.0,4194.0,8399.0,"29"
263,"2021","October-December","Kerala",304.0,2426.0,238.0,288.0,526.0,599.0,603.0,1202.0,933.0,928.0,1861.0,2610.0,2946.0,5558.0,3390.0,3882.0,7275.0,4227.0,4773.0,9003.0,"32"
264,"2021","October-December","Madhya Pradesh",248.0,1945.0,281.0,248.0,529.0,672.0,669.0,1341.0,1304.0,1125.0,2429.0,2928.0,2772.0,5700.0,3319.0,3160.0,6479.0,4272.0,4077.0,8349.0,"23"
265,"2021","October-December","Maharashtra",531.0,4060.0,442.0,415.0,857.0,1288.0,1072.0,2360.0,2125.0,1905.0,4030.0,5372.0,5062.0,10434.0,6257.0,6000.0,12257.0,7987.0,7487.0,15474.0,"27"
266,"2021","October-December","Odisha",134.0,1066.0,100.0,109.0,209.0,287.0,228.0,515.0,567.0,498.0,1065.0,1395.0,1317.0,2712.0,1633.0,1511.0,3144.0,2020.0,1848.0,3868.0,"21"
267,"2021","October-December","Punjab",207.0,1546.0,186.0,147.0,333.0,463.0,401.0,864.0,860.0,676.0,1536.0,2117.0,1856.0,3973.0,2472.0,2234.0,4706.0,3121.0,2782.0,5903.0,"03"
268,"2021","October-December","Rajasthan",216.0,1666.0,249.0,220.0,469.0,667.0,572.0,1239.0,1197.0,1039.0,2236.0,2593.0,2398.0,4992.0,2972.0,2808.0,5782.0,3888.0,3600.0,7490.0,"08"
269,"2021","October-December","Tamil Nadu",436.0,3461.0,265.0,278.0,543.0,686.0,669.0,1355.0,1486.0,1389.0,2875.0,3887.0,3946.0,7835.0,4681.0,4842.0,9526.0,5632.0,5789.0,11424.0,"33"
270,"2021","October-December","Telangana",194.0,1534.0,138.0,167.0,305.0,427.0,414.0,841.0,823.0,750.0,1573.0,1946.0,1882.0,3828.0,2161.0,2122.0,4283.0,2726.0,2703.0,5429.0,"36"
271,"2021","October-December","Uttarakhand",96.0,749.0,79.0,77.0,156.0,261.0,205.0,466.0,404.0,360.0,764.0,986.0,937.0,1924.0,1147.0,1091.0,2240.0,1487.0,1373.0,2862.0,"05"
272,"2021","October-December","Uttar Pradesh",406.0,3192.0,583.0,503.0,1087.0,1291.0,1128.0,2419.0,2300.0,2035.0,4335.0,4877.0,4576.0,9453.0,5491.0,5204.0,10695.0,7365.0,6835.0,14201.0,"09"
273,"2021","October-December","West Bengal",361.0,2860.0,247.0,197.0,444.0,571.0,495.0,1066.0,1265.0,1270.0,2535.0,3467.0,3526.0,6994.0,4214.0,4266.0,8481.0,5032.0,4958.0,9991.0,"19"
274,"2021","October-December","Jammu And Kashmir",172.0,1351.0,188.0,164.0,352.0,434.0,395.0,829.0,803.0,658.0,1461.0,2001.0,1885.0,3887.0,2349.0,2202.0,4552.0,2971.0,2761.0,5733.0,"01"
275,"2021","October-December","All-India",5691.0,44553.0,5264.0,4874.0,10139.0,13800.0,12369.0,26169.0,24472.0,22235.0,46708.0,59433.0,57608.0,117054.0,69027.0,67590.0,136636.0,88091.0,84833.0,172944.0,"99"
276,"2022","January-March","Andhra Pradesh",224.0,1763.0,167.0,151.0,318.0,426.0,387.0,813.0,749.0,786.0,1535.0,1978.0,2118.0,4096.0,2308.0,2442.0,4750.0,2901.0,2980.0,5881.0,"28"
277,"2022","January-March","Assam",112.0,895.0,76.0,61.0,137.0,260.0,221.0,481.0,475.0,415.0,890.0,1245.0,1184.0,2429.0,1425.0,1365.0,2790.0,1761.0,1647.0,3408.0,"18"
278,"2022","January-March","Bihar",167.0,1331.0,258.0,274.0,532.0,738.0,592.0,1330.0,960.0,840.0,1800.0,2021.0,1889.0,3910.0,2329.0,2164.0,4493.0,3325.0,3030.0,6355.0,"10"
279,"2022","January-March","Chhattisgarh",104.0,825.0,94.0,93.0,187.0,275.0,270.0,545.0,490.0,466.0,956.0,1177.0,1181.0,2358.0,1315.0,1331.0,2646.0,1684.0,1694.0,3378.0,"22"
280,"2022","January-March","Delhi",120.0,835.0,83.0,72.0,155.0,225.0,172.0,397.0,514.0,391.0,905.0,1105.0,931.0,2036.0,1265.0,1103.0,2368.0,1573.0,1347.0,2920.0,"07"
281,"2022","January-March","Gujarat",232.0,1831.0,239.0,201.0,440.0,537.0,460.0,997.0,1121.0,990.0,2111.0,2673.0,2453.0,5126.0,3119.0,2934.0,6054.0,3895.0,3595.0,7491.0,"24"
282,"2022","January-March","Haryana",160.0,1238.0,150.0,168.0,318.0,427.0,350.0,777.0,763.0,600.0,1363.0,1754.0,1538.0,3292.0,2043.0,1809.0,3852.0,2620.0,2327.0,4947.0,"06"
283,"2022","January-March","Himachal Pradesh",48.0,370.0,23.0,18.0,41.0,99.0,72.0,171.0,164.0,145.0,309.0,436.0,390.0,826.0,497.0,444.0,941.0,619.0,534.0,1153.0,"02"
284,"2022","January-March","Jharkhand",135.0,1068.0,157.0,130.0,287.0,409.0,348.0,757.0,667.0,633.0,1300.0,1505.0,1452.0,2958.0,1715.0,1656.0,3372.0,2281.0,2134.0,4416.0,"20"
285,"2022","January-March","Karnataka",296.0,2346.0,233.0,234.0,467.0,623.0,575.0,1198.0,1128.0,1107.0,2235.0,2834.0,2842.0,5676.0,3285.0,3376.0,6661.0,4141.0,4185.0,8326.0,"29"
286,"2022","January-March","Kerala",304.0,2421.0,249.0,259.0,508.0,593.0,610.0,1203.0,901.0,906.0,1807.0,2593.0,2912.0,5505.0,3380.0,3845.0,7225.0,4222.0,4714.0,8936.0,"32"
287,"2022","January-March","Madhya Pradesh",247.0,1933.0,265.0,232.0,497.0,663.0,663.0,1326.0,1284.0,1061.0,2345.0,2886.0,2686.0,5572.0,3280.0,3079.0,6359.0,4208.0,3974.0,8182.0,"23"
288,"2022","January-March","Maharashtra",546.0,4203.0,463.0,441.0,904.0,1324.0,1089.0,2413.0,2189.0,1956.0,4146.0,5552.0,5221.0,10774.0,6463.0,6226.0,12690.0,8250.0,7756.0,16007.0,"27"
289,"2022","January-March","Odisha",134.0,1069.0,108.0,105.0,213.0,273.0,225.0,498.0,573.0,531.0,1104.0,1387.0,1344.0,2731.0,1622.0,1551.0,3173.0,2003.0,1881.0,3884.0,"21"
290,"2022","January-March","Punjab",208.0,1504.0,151.0,134.0,285.0,426.0,392.0,818.0,782.0,589.0,1371.0,1957.0,1690.0,3647.0,2299.0,2068.0,4367.0,2876.0,2594.0,5470.0,"03"
291,"2022","January-March","Rajasthan",216.0,1656.0,233.0,216.0,449.0,671.0,558.0,1229.0,1177.0,1055.0,2232.0,2579.0,2434.0,5014.0,2962.0,2869.0,5832.0,3866.0,3643.0,7510.0,"08"
292,"2022","January-March","Tamil Nadu",436.0,3458.0,295.0,272.0,567.0,698.0,631.0,1329.0,1517.0,1393.0,2910.0,3908.0,3937.0,7849.0,4687.0,4811.0,9502.0,5680.0,5714.0,11398.0,"33"
293,"2022","January-March","Telangana",196.0,1551.0,145.0,153.0,298.0,419.0,429.0,848.0,778.0,727.0,1505.0,1905.0,1871.0,3776.0,2144.0,2127.0,4271.0,2708.0,2709.0,5417.0,"36"
294,"2022","January-March","Uttarakhand",96.0,752.0,85.0,84.0,169.0,259.0,206.0,465.0,420.0,393.0,813.0,991.0,958.0,1950.0,1151.0,1119.0,2272.0,1495.0,1409.0,2906.0,"05"
295,"2022","January-March","Uttar Pradesh",406.0,3210.0,594.0,514.0,1108.0,1332.0,1159.0,2491.0,2278.0,1975.0,4253.0,4883.0,4520.0,9404.0,5521.0,5200.0,10722.0,7447.0,6873.0,14321.0,"09"
296,"2022","January-March","West Bengal",368.0,2914.0,263.0,223.0,486.0,601.0,514.0,1115.0,1250.0,1328.0,2578.0,3516.0,3625.0,7142.0,4260.0,4362.0,8623.0,5124.0,5099.0,10224.0,"19"
297,"2022","January-March","Jammu And Kashmir",170.0,1333.0,196.0,172.0,368.0,434.0,402.0,836.0,800.0,675.0,1475.0,1979.0,1862.0,3842.0,2309.0,2174.0,4484.0,2939.0,2748.0,5688.0,"01"
298,"2022","January-March","All-India",5714.0,44778.0,5234.0,4903.0,10137.0,13837.0,12332.0,26169.0,24259.0,22157.0,46418.0,59298.0,57496.0,116810.0,69012.0,67755.0,136785.0,88083.0,84990.0,173091.0,"99"
299,"2022","April-June","Andhra Pradesh",223.0,1732.0,159.0,156.0,315.0,414.0,406.0,820.0,709.0,804.0,1513.0,1902.0,2081.0,3983.0,2219.0,2408.0,4627.0,2792.0,2970.0,5762.0,"28"
300,"2022","April-June","Assam",111.0,888.0,82.0,69.0,151.0,264.0,225.0,489.0,455.0,443.0,898.0,1216.0,1210.0,2426.0,1409.0,1401.0,2810.0,1755.0,1695.0,3450.0,"18"
301,"2022","April-June","Bihar",167.0,1330.0,278.0,270.0,548.0,726.0,594.0,1320.0,907.0,832.0,1739.0,1988.0,1873.0,3861.0,2297.0,2166.0,4463.0,3301.0,3030.0,6331.0,"10"
302,"2022","April-June","Chhattisgarh",104.0,824.0,91.0,95.0,186.0,265.0,262.0,527.0,475.0,459.0,934.0,1156.0,1159.0,2315.0,1308.0,1323.0,2631.0,1664.0,1680.0,3344.0,"22"
303,"2022","April-June","Delhi",120.0,807.0,80.0,77.0,157.0,237.0,187.0,424.0,470.0,414.0,884.0,1053.0,949.0,2002.0,1192.0,1083.0,2275.0,1509.0,1347.0,2856.0,"07"
304,"2022","April-June","Gujarat",232.0,1834.0,249.0,221.0,470.0,582.0,473.0,1055.0,1102.0,1012.0,2114.0,2681.0,2489.0,5170.0,3118.0,2963.0,6081.0,3949.0,3657.0,7606.0,"24"
305,"2022","April-June","Haryana",160.0,1212.0,168.0,170.0,338.0,434.0,351.0,785.0,759.0,626.0,1385.0,1750.0,1576.0,3326.0,2019.0,1836.0,3855.0,2621.0,2357.0,4978.0,"06"
306,"2022","April-June","Himachal Pradesh",48.0,374.0,30.0,23.0,53.0,99.0,75.0,174.0,176.0,151.0,327.0,445.0,391.0,836.0,498.0,437.0,935.0,627.0,535.0,1162.0,"02"
307,"2022","April-June","Jharkhand",134.0,1064.0,151.0,130.0,281.0,396.0,348.0,744.0,650.0,654.0,1304.0,1483.0,1481.0,2964.0,1691.0,1677.0,3368.0,2238.0,2155.0,4393.0,"20"
308,"2022","April-June","Karnataka",296.0,2344.0,229.0,240.0,469.0,633.0,602.0,1235.0,1130.0,1085.0,2215.0,2874.0,2789.0,5663.0,3341.0,3318.0,6659.0,4203.0,4160.0,8363.0,"29"
309,"2022","April-June","Kerala",304.0,2411.0,255.0,263.0,518.0,609.0,620.0,1229.0,901.0,908.0,1809.0,2541.0,2897.0,5438.0,3329.0,3815.0,7144.0,4193.0,4698.0,8891.0,"32"
310,"2022","April-June","Madhya Pradesh",247.0,1918.0,293.0,238.0,531.0,634.0,617.0,1251.0,1243.0,1023.0,2266.0,2818.0,2616.0,5434.0,3225.0,3015.0,6240.0,4152.0,3870.0,8022.0,"23"
311,"2022","April-June","Maharashtra",553.0,4275.0,494.0,477.0,971.0,1293.0,1203.0,2496.0,2206.0,1984.0,4191.0,5654.0,5323.0,10979.0,6588.0,6377.0,12967.0,8375.0,8057.0,16434.0,"27"
312,"2022","April-June","Odisha",135.0,1059.0,106.0,112.0,218.0,285.0,253.0,538.0,526.0,527.0,1053.0,1336.0,1342.0,2678.0,1560.0,1552.0,3112.0,1951.0,1917.0,3868.0,"21"
313,"2022","April-June","Punjab",208.0,1467.0,148.0,134.0,282.0,412.0,372.0,784.0,766.0,564.0,1330.0,1910.0,1656.0,3566.0,2254.0,2020.0,4274.0,2814.0,2526.0,5340.0,"03"
314,"2022","April-June","Rajasthan",216.0,1632.0,213.0,217.0,430.0,689.0,567.0,1256.0,1119.0,1016.0,2135.0,2507.0,2394.0,4901.0,2871.0,2796.0,5667.0,3773.0,3580.0,7353.0,"08"
315,"2022","April-June","Tamil Nadu",436.0,3444.0,302.0,273.0,575.0,719.0,620.0,1339.0,1492.0,1386.0,2878.0,3881.0,3906.0,7790.0,4622.0,4767.0,9392.0,5643.0,5660.0,11306.0,"33"
316,"2022","April-June","Telangana",198.0,1562.0,145.0,139.0,284.0,426.0,416.0,842.0,780.0,711.0,1491.0,1927.0,1871.0,3798.0,2181.0,2149.0,4330.0,2752.0,2704.0,5456.0,"36"
317,"2022","April-June","Uttarakhand",96.0,747.0,83.0,82.0,165.0,263.0,213.0,476.0,416.0,392.0,808.0,968.0,944.0,1912.0,1119.0,1103.0,2222.0,1465.0,1398.0,2863.0,"05"
318,"2022","April-June","Uttar Pradesh",406.0,3207.0,591.0,552.0,1143.0,1371.0,1191.0,2562.0,2224.0,2007.0,4231.0,4853.0,4609.0,9464.0,5480.0,5255.0,10737.0,7442.0,6998.0,14442.0,"09"
319,"2022","April-June","West Bengal",370.0,2935.0,269.0,225.0,494.0,615.0,532.0,1147.0,1283.0,1363.0,2646.0,3607.0,3679.0,7287.0,4331.0,4408.0,8740.0,5215.0,5165.0,10381.0,"19"
320,"2022","April-June","Jammu And Kashmir",168.0,1326.0,186.0,173.0,359.0,409.0,393.0,802.0,800.0,701.0,1501.0,1978.0,1885.0,3863.0,2305.0,2193.0,4498.0,2900.0,2759.0,5659.0,"01"
321,"2022","April-June","All-India",5721.0,44660.0,5334.0,5085.0,10419.0,13893.0,12576.0,26469.0,23912.0,22215.0,46129.0,59039.0,57503.0,116555.0,68672.0,67698.0,136383.0,87899.0,85359.0,173271.0,"99"
322,"2021","April-June","Andhra Pradesh",224.0,1765.0,198.0,157.0,355.0,434.0,401.0,835.0,834.0,842.0,1676.0,2127.0,2273.0,4401.0,2466.0,2588.0,5055.0,3098.0,3146.0,6245.0,"28"
323,"2021","April-June","Assam",112.0,895.0,79.0,76.0,155.0,261.0,221.0,482.0,406.0,377.0,783.0,1212.0,1134.0,2346.0,1390.0,1300.0,2690.0,1730.0,1597.0,3327.0,"18"
324,"2021","April-June","Bihar",165.0,1317.0,264.0,231.0,495.0,676.0,578.0,1254.0,1017.0,865.0,1884.0,2052.0,1888.0,3943.0,2307.0,2109.0,4421.0,3247.0,2918.0,6170.0,"10"
325,"2021","April-June","Chhattisgarh",102.0,815.0,128.0,95.0,223.0,300.0,266.0,566.0,532.0,496.0,1028.0,1218.0,1191.0,2409.0,1358.0,1334.0,2692.0,1786.0,1695.0,3481.0,"22"
326,"2021","April-June","Delhi",120.0,803.0,80.0,80.0,160.0,220.0,177.0,397.0,548.0,422.0,970.0,1179.0,969.0,2148.0,1319.0,1117.0,2436.0,1619.0,1374.0,2993.0,"07"
327,"2021","April-June","Gujarat",229.0,1800.0,214.0,173.0,387.0,468.0,420.0,889.0,1135.0,916.0,2051.0,2650.0,2368.0,5018.0,3042.0,2804.0,5847.0,3724.0,3397.0,7123.0,"24"
328,"2021","April-June","Haryana",159.0,1248.0,159.0,165.0,324.0,443.0,380.0,823.0,766.0,618.0,1385.0,1766.0,1541.0,3309.0,2050.0,1797.0,3849.0,2652.0,2342.0,4996.0,"06"
329,"2021","April-June","Himachal Pradesh",48.0,360.0,35.0,28.0,63.0,83.0,85.0,168.0,137.0,145.0,282.0,395.0,367.0,763.0,449.0,439.0,889.0,567.0,552.0,1120.0,"02"
330,"2021","April-June","Jharkhand",132.0,1036.0,172.0,129.0,301.0,372.0,324.0,696.0,691.0,604.0,1295.0,1527.0,1391.0,2919.0,1731.0,1587.0,3319.0,2275.0,2040.0,4316.0,"20"
331,"2021","April-June","Karnataka",290.0,2277.0,246.0,233.0,479.0,634.0,513.0,1147.0,1145.0,1112.0,2257.0,2810.0,2825.0,5636.0,3249.0,3305.0,6555.0,4129.0,4051.0,8181.0,"29"
332,"2021","April-June","Kerala",304.0,2410.0,218.0,252.0,470.0,599.0,594.0,1193.0,964.0,907.0,1871.0,2579.0,2912.0,5493.0,3290.0,3805.0,7099.0,4107.0,4651.0,8762.0,"32"
333,"2021","April-June","Madhya Pradesh",247.0,1946.0,286.0,232.0,518.0,663.0,664.0,1327.0,1285.0,1193.0,2478.0,2919.0,2827.0,5747.0,3263.0,3208.0,6472.0,4212.0,4104.0,8317.0,"23"
334,"2021","April-June","Maharashtra",497.0,3765.0,392.0,365.0,758.0,1120.0,950.0,2070.0,2039.0,1806.0,3845.0,4947.0,4761.0,9708.0,5779.0,5631.0,11411.0,7291.0,6946.0,14239.0,"27"
335,"2021","April-June","Odisha",130.0,1027.0,106.0,88.0,194.0,272.0,237.0,509.0,560.0,516.0,1076.0,1353.0,1330.0,2683.0,1572.0,1521.0,3093.0,1950.0,1846.0,3796.0,"21"
336,"2021","April-June","Punjab",207.0,1537.0,195.0,165.0,360.0,481.0,421.0,902.0,903.0,719.0,1622.0,2124.0,1903.0,4027.0,2429.0,2268.0,4697.0,3105.0,2854.0,5959.0,"03"
337,"2021","April-June","Rajasthan",215.0,1664.0,274.0,225.0,499.0,654.0,589.0,1243.0,1241.0,1078.0,2321.0,2632.0,2451.0,5086.0,2988.0,2826.0,5818.0,3916.0,3640.0,7560.0,"08"
338,"2021","April-June","Tamil Nadu",432.0,3403.0,284.0,292.0,576.0,673.0,667.0,1340.0,1494.0,1455.0,2950.0,3867.0,4079.0,7950.0,4636.0,4899.0,9540.0,5593.0,5858.0,11456.0,"33"
339,"2021","April-June","Telangana",192.0,1514.0,151.0,166.0,318.0,420.0,384.0,804.0,815.0,777.0,1592.0,1941.0,1916.0,3858.0,2179.0,2170.0,4350.0,2750.0,2720.0,5472.0,"36"
340,"2021","April-June","Uttarakhand",95.0,734.0,88.0,71.0,159.0,231.0,194.0,425.0,439.0,364.0,804.0,1000.0,913.0,1915.0,1149.0,1062.0,2214.0,1468.0,1327.0,2798.0,"05"
341,"2021","April-June","Uttar Pradesh",408.0,3228.0,561.0,469.0,1031.0,1303.0,1092.0,2395.0,2371.0,2075.0,4447.0,4987.0,4627.0,9615.0,5624.0,5242.0,10867.0,7488.0,6803.0,14293.0,"09"
342,"2021","April-June","West Bengal",352.0,2781.0,263.0,203.0,466.0,535.0,509.0,1044.0,1256.0,1242.0,2498.0,3382.0,3469.0,6851.0,4092.0,4156.0,8248.0,4890.0,4868.0,9758.0,"19"
343,"2021","April-June","Jammu And Kashmir",178.0,1390.0,181.0,160.0,341.0,460.0,387.0,847.0,828.0,711.0,1539.0,2053.0,1931.0,3985.0,2391.0,2250.0,4642.0,3032.0,2797.0,5830.0,"01"
344,"2021","April-June","All-India",5619.0,43892.0,5233.0,4649.0,9885.0,13300.0,11941.0,25242.0,24728.0,22463.0,47200.0,58897.0,57514.0,116437.0,68047.0,66978.0,135060.0,86580.0,83568.0,170187.0,"99"
345,"2021","July-September","Andhra Pradesh",224.0,1772.0,188.0,165.0,353.0,438.0,399.0,837.0,832.0,863.0,1695.0,2121.0,2273.0,4394.0,2439.0,2565.0,5004.0,3065.0,3129.0,6194.0,"28"
346,"2021","July-September","Assam",112.0,895.0,78.0,63.0,141.0,272.0,215.0,487.0,402.0,386.0,788.0,1201.0,1158.0,2359.0,1379.0,1312.0,2691.0,1729.0,1590.0,3319.0,"18"
347,"2021","July-September","Bihar",167.0,1319.0,266.0,255.0,521.0,695.0,587.0,1282.0,984.0,850.0,1835.0,2020.0,1862.0,3883.0,2291.0,2106.0,4399.0,3252.0,2948.0,6202.0,"10"
348,"2021","July-September","Chhattisgarh",104.0,822.0,122.0,99.0,221.0,307.0,280.0,587.0,498.0,495.0,993.0,1204.0,1206.0,2410.0,1339.0,1355.0,2694.0,1768.0,1734.0,3502.0,"22"
349,"2021","July-September","Delhi",120.0,790.0,70.0,78.0,148.0,224.0,180.0,404.0,501.0,390.0,891.0,1116.0,927.0,2043.0,1255.0,1089.0,2344.0,1549.0,1347.0,2896.0,"07"
350,"2021","July-September","Gujarat",232.0,1827.0,249.0,178.0,427.0,481.0,433.0,914.0,1163.0,987.0,2150.0,2700.0,2434.0,5134.0,3115.0,2891.0,6007.0,3845.0,3502.0,7348.0,"24"
351,"2021","July-September","Haryana",160.0,1222.0,155.0,164.0,319.0,427.0,379.0,806.0,741.0,600.0,1341.0,1721.0,1518.0,3239.0,1999.0,1776.0,3775.0,2581.0,2319.0,4900.0,"06"
352,"2021","July-September","Himachal Pradesh",48.0,361.0,26.0,28.0,54.0,98.0,75.0,173.0,156.0,147.0,303.0,420.0,376.0,797.0,480.0,439.0,920.0,604.0,542.0,1147.0,"02"
353,"2021","July-September","Jharkhand",133.0,1043.0,169.0,130.0,299.0,377.0,353.0,730.0,697.0,608.0,1305.0,1533.0,1409.0,2943.0,1739.0,1611.0,3351.0,2285.0,2094.0,4380.0,"20"
354,"2021","July-September","Karnataka",293.0,2317.0,252.0,237.0,489.0,658.0,545.0,1203.0,1128.0,1113.0,2241.0,2845.0,2856.0,5702.0,3291.0,3336.0,6628.0,4201.0,4118.0,8320.0,"29"
355,"2021","July-September","Kerala",304.0,2414.0,237.0,254.0,491.0,588.0,609.0,1197.0,978.0,903.0,1881.0,2633.0,2913.0,5548.0,3377.0,3831.0,7211.0,4202.0,4694.0,8899.0,"32"
356,"2021","July-September","Madhya Pradesh",247.0,1943.0,297.0,251.0,548.0,657.0,681.0,1338.0,1277.0,1205.0,2482.0,2899.0,2854.0,5753.0,3257.0,3232.0,6489.0,4211.0,4164.0,8375.0,"23"
357,"2021","July-September","Maharashtra",525.0,3971.0,400.0,384.0,784.0,1191.0,995.0,2186.0,2107.0,1861.0,3968.0,5211.0,4952.0,10163.0,6088.0,5874.0,11962.0,7679.0,7253.0,14932.0,"27"
358,"2021","July-September","Odisha",130.0,1031.0,96.0,93.0,189.0,286.0,227.0,513.0,556.0,504.0,1060.0,1360.0,1323.0,2683.0,1604.0,1521.0,3125.0,1986.0,1841.0,3827.0,"21"
359,"2021","July-September","Punjab",206.0,1497.0,176.0,143.0,319.0,451.0,394.0,845.0,878.0,671.0,1549.0,2059.0,1814.0,3873.0,2378.0,2184.0,4562.0,3005.0,2721.0,5726.0,"03"
360,"2021","July-September","Rajasthan",215.0,1654.0,271.0,224.0,495.0,652.0,594.0,1246.0,1202.0,1033.0,2235.0,2601.0,2385.0,4987.0,2959.0,2778.0,5739.0,3882.0,3596.0,7480.0,"08"
361,"2021","July-September","Tamil Nadu",435.0,3434.0,271.0,277.0,548.0,663.0,667.0,1330.0,1461.0,1434.0,2896.0,3869.0,4032.0,7905.0,4661.0,4905.0,9571.0,5595.0,5849.0,11449.0,"33"
362,"2021","July-September","Telangana",195.0,1535.0,145.0,170.0,315.0,441.0,409.0,850.0,826.0,763.0,1589.0,1964.0,1912.0,3876.0,2194.0,2156.0,4350.0,2780.0,2735.0,5515.0,"36"
363,"2021","July-September","Uttarakhand",96.0,735.0,86.0,77.0,163.0,250.0,176.0,426.0,418.0,355.0,773.0,993.0,928.0,1922.0,1142.0,1073.0,2217.0,1478.0,1326.0,2806.0,"05"
364,"2021","July-September","Uttar Pradesh",407.0,3216.0,556.0,484.0,1041.0,1302.0,1112.0,2414.0,2300.0,1997.0,4297.0,4896.0,4566.0,9462.0,5527.0,5211.0,10738.0,7385.0,6807.0,14193.0,"09"
365,"2021","July-September","West Bengal",361.0,2861.0,249.0,206.0,455.0,568.0,520.0,1088.0,1251.0,1248.0,2499.0,3448.0,3511.0,6960.0,4175.0,4213.0,8389.0,4992.0,4939.0,9932.0,"19"
366,"2021","July-September","Jammu And Kashmir",174.0,1362.0,175.0,156.0,331.0,447.0,386.0,833.0,797.0,663.0,1460.0,1989.0,1876.0,3866.0,2318.0,2204.0,4523.0,2940.0,2746.0,5687.0,"01"
367,"2021","July-September","All-India",5676.0,44272.0,5200.0,4748.0,9949.0,13527.0,12189.0,25716.0,24486.0,22249.0,46738.0,59087.0,57531.0,116636.0,68453.0,67263.0,135740.0,87180.0,84200.0,171405.0,"99"
368,"2020","October-December","Andhra Pradesh",222.0,1751.0,178.0,152.0,330.0,414.0,399.0,813.0,812.0,882.0,1694.0,2103.0,2287.0,4391.0,2431.0,2615.0,5047.0,3023.0,3166.0,6190.0,"28"
369,"2020","October-December","Assam",112.0,896.0,89.0,80.0,169.0,241.0,241.0,482.0,416.0,422.0,838.0,1181.0,1171.0,2352.0,1363.0,1351.0,2714.0,1693.0,1672.0,3365.0,"18"
370,"2020","October-December","Bihar",163.0,1304.0,254.0,213.0,467.0,651.0,545.0,1196.0,979.0,845.0,1826.0,2011.0,1849.0,3863.0,2265.0,2059.0,4328.0,3170.0,2817.0,5991.0,"10"
371,"2020","October-December","Chhattisgarh",100.0,796.0,110.0,107.0,217.0,284.0,228.0,512.0,516.0,510.0,1026.0,1167.0,1164.0,2331.0,1298.0,1311.0,2609.0,1692.0,1646.0,3338.0,"22"
372,"2020","October-December","Delhi",119.0,879.0,91.0,79.0,170.0,262.0,211.0,473.0,547.0,427.0,974.0,1230.0,1013.0,2243.0,1391.0,1183.0,2574.0,1744.0,1473.0,3217.0,"07"
373,"2020","October-December","Gujarat",225.0,1724.0,184.0,182.0,366.0,498.0,401.0,900.0,1069.0,891.0,1960.0,2489.0,2295.0,4784.0,2891.0,2736.0,5627.0,3573.0,3319.0,6893.0,"24"
374,"2020","October-December","Haryana",159.0,1258.0,152.0,180.0,332.0,453.0,358.0,811.0,820.0,637.0,1458.0,1863.0,1598.0,3463.0,2136.0,1854.0,3992.0,2741.0,2392.0,5135.0,"06"
375,"2020","October-December","Himachal Pradesh",48.0,375.0,41.0,36.0,77.0,100.0,94.0,194.0,145.0,146.0,291.0,409.0,394.0,804.0,472.0,468.0,941.0,613.0,598.0,1212.0,"02"
376,"2020","October-December","Jammu And Kashmir",175.0,1390.0,197.0,185.0,382.0,490.0,420.0,910.0,823.0,752.0,1575.0,2114.0,2001.0,4115.0,2446.0,2344.0,4790.0,3133.0,2949.0,6082.0,"01"
377,"2020","October-December","Jharkhand",131.0,1041.0,181.0,137.0,318.0,383.0,335.0,718.0,720.0,678.0,1398.0,1561.0,1522.0,3083.0,1772.0,1727.0,3499.0,2336.0,2199.0,4535.0,"20"
378,"2020","October-December","Karnataka",288.0,2246.0,249.0,231.0,480.0,673.0,580.0,1253.0,1114.0,1078.0,2192.0,2820.0,2747.0,5568.0,3269.0,3258.0,6528.0,4191.0,4069.0,8261.0,"29"
379,"2020","October-December","Kerala",302.0,2393.0,238.0,251.0,489.0,662.0,598.0,1260.0,956.0,947.0,1903.0,2618.0,2958.0,5577.0,3365.0,3855.0,7222.0,4265.0,4704.0,8971.0,"32"
380,"2020","October-December","Madhya Pradesh",247.0,1944.0,302.0,233.0,535.0,676.0,629.0,1305.0,1244.0,1130.0,2374.0,2900.0,2750.0,5651.0,3280.0,3152.0,6433.0,4258.0,4014.0,8273.0,"23"
381,"2020","October-December","Maharashtra",483.0,3692.0,383.0,367.0,751.0,1052.0,961.0,2013.0,1882.0,1772.0,3654.0,4726.0,4662.0,9388.0,5516.0,5550.0,11068.0,6951.0,6878.0,13832.0,"27"
382,"2020","October-December","Odisha",125.0,990.0,102.0,82.0,184.0,244.0,251.0,495.0,528.0,501.0,1029.0,1306.0,1298.0,2610.0,1503.0,1501.0,3010.0,1849.0,1834.0,3689.0,"21"
383,"2020","October-December","Punjab",208.0,1588.0,223.0,177.0,400.0,503.0,437.0,940.0,944.0,744.0,1688.0,2255.0,1991.0,4246.0,2586.0,2354.0,4940.0,3312.0,2968.0,6280.0,"03"
384,"2020","October-December","Rajasthan",215.0,1683.0,280.0,246.0,526.0,714.0,622.0,1336.0,1193.0,1113.0,2308.0,2606.0,2519.0,5127.0,2976.0,2853.0,5831.0,3970.0,3721.0,7693.0,"08"
385,"2020","October-December","Tamil Nadu",430.0,3406.0,312.0,296.0,608.0,698.0,661.0,1359.0,1550.0,1515.0,3067.0,3952.0,4148.0,8104.0,4729.0,4936.0,9669.0,5739.0,5893.0,11636.0,"33"
386,"2020","October-December","Telangana",192.0,1512.0,162.0,152.0,315.0,405.0,384.0,789.0,782.0,714.0,1497.0,1916.0,1854.0,3772.0,2177.0,2118.0,4297.0,2744.0,2654.0,5401.0,"36"
387,"2020","October-December","Uttarakhand",94.0,732.0,100.0,79.0,179.0,254.0,213.0,467.0,454.0,401.0,856.0,1017.0,947.0,1965.0,1150.0,1095.0,2246.0,1504.0,1387.0,2892.0,"05"
388,"2020","October-December","Uttar Pradesh",407.0,3227.0,482.0,479.0,961.0,1352.0,1120.0,2472.0,2380.0,2090.0,4471.0,5125.0,4732.0,9858.0,5769.0,5290.0,11060.0,7603.0,6889.0,14493.0,"09"
389,"2020","October-December","West Bengal",332.0,2642.0,243.0,246.0,489.0,517.0,517.0,1034.0,1262.0,1296.0,2558.0,3321.0,3451.0,6772.0,3968.0,4089.0,8057.0,4728.0,4852.0,9580.0,"19"
390,"2020","October-December","All-India",5563.0,43693.0,5253.0,4818.0,10073.0,13564.0,12114.0,25679.0,24600.0,22869.0,47479.0,59170.0,57990.0,117188.0,68349.0,67420.0,135801.0,87166.0,84352.0,171553.0,"99"
391,"2021","January-March","Andhra Pradesh",224.0,1766.0,178.0,151.0,329.0,437.0,402.0,839.0,816.0,880.0,1696.0,2123.0,2318.0,4442.0,2453.0,2646.0,5100.0,3068.0,3199.0,6268.0,"28"
392,"2021","January-March","Assam",112.0,896.0,86.0,78.0,164.0,243.0,229.0,472.0,402.0,399.0,801.0,1182.0,1142.0,2324.0,1361.0,1309.0,2670.0,1690.0,1616.0,3306.0,"18"
393,"2021","January-March","Bihar",163.0,1304.0,261.0,201.0,462.0,660.0,548.0,1208.0,998.0,857.0,1857.0,2015.0,1859.0,3877.0,2272.0,2091.0,4368.0,3193.0,2840.0,6038.0,"10"
394,"2021","January-March","Chhattisgarh",100.0,797.0,128.0,109.0,237.0,293.0,253.0,546.0,517.0,498.0,1015.0,1181.0,1171.0,2352.0,1315.0,1313.0,2628.0,1736.0,1675.0,3411.0,"22"
395,"2021","January-March","Delhi",119.0,840.0,87.0,87.0,174.0,243.0,192.0,435.0,556.0,436.0,992.0,1237.0,1017.0,2254.0,1382.0,1162.0,2544.0,1712.0,1441.0,3153.0,"07"
396,"2021","January-March","Gujarat",227.0,1771.0,198.0,176.0,374.0,523.0,435.0,959.0,1120.0,908.0,2028.0,2618.0,2371.0,4989.0,3001.0,2790.0,5791.0,3722.0,3401.0,7124.0,"24"
397,"2021","January-March","Haryana",159.0,1258.0,158.0,190.0,348.0,469.0,379.0,848.0,801.0,669.0,1471.0,1833.0,1645.0,3480.0,2099.0,1901.0,4002.0,2726.0,2470.0,5198.0,"06"
398,"2021","January-March","Himachal Pradesh",48.0,374.0,35.0,30.0,65.0,98.0,83.0,181.0,144.0,145.0,289.0,408.0,380.0,789.0,469.0,454.0,924.0,602.0,567.0,1170.0,"02"
399,"2021","January-March","Jammu And Kashmir",178.0,1409.0,194.0,192.0,386.0,496.0,402.0,898.0,838.0,752.0,1590.0,2128.0,2015.0,4143.0,2470.0,2337.0,4807.0,3160.0,2931.0,6091.0,"01"
400,"2021","January-March","Jharkhand",132.0,1042.0,183.0,132.0,315.0,377.0,318.0,695.0,687.0,645.0,1332.0,1523.0,1459.0,2982.0,1738.0,1658.0,3396.0,2298.0,2108.0,4406.0,"20"
401,"2021","January-March","Karnataka",288.0,2270.0,257.0,236.0,493.0,648.0,553.0,1201.0,1146.0,1098.0,2244.0,2849.0,2809.0,5660.0,3301.0,3296.0,6599.0,4206.0,4085.0,8293.0,"29"
402,"2021","January-March","Kerala",304.0,2410.0,231.0,258.0,489.0,670.0,595.0,1265.0,948.0,938.0,1886.0,2573.0,2943.0,5518.0,3298.0,3832.0,7134.0,4199.0,4685.0,8888.0,"32"
403,"2021","January-March","Madhya Pradesh",247.0,1954.0,303.0,243.0,546.0,649.0,642.0,1291.0,1261.0,1174.0,2435.0,2908.0,2803.0,5712.0,3295.0,3202.0,6498.0,4247.0,4087.0,8335.0,"23"
404,"2021","January-March","Maharashtra",496.0,3765.0,392.0,379.0,772.0,1064.0,995.0,2059.0,1974.0,1813.0,3787.0,4875.0,4739.0,9614.0,5708.0,5640.0,11349.0,7164.0,7014.0,14180.0,"27"
405,"2021","January-March","Odisha",128.0,1021.0,102.0,92.0,194.0,271.0,254.0,525.0,536.0,506.0,1042.0,1338.0,1331.0,2675.0,1546.0,1527.0,3079.0,1919.0,1873.0,3798.0,"21"
406,"2021","January-March","Punjab",207.0,1580.0,216.0,180.0,396.0,495.0,432.0,927.0,959.0,747.0,1706.0,2228.0,1978.0,4206.0,2552.0,2346.0,4898.0,3263.0,2958.0,6221.0,"03"
407,"2021","January-March","Rajasthan",215.0,1688.0,281.0,248.0,529.0,722.0,628.0,1350.0,1237.0,1108.0,2347.0,2670.0,2537.0,5209.0,3035.0,2897.0,5935.0,4038.0,3773.0,7814.0,"08"
408,"2021","January-March","Tamil Nadu",430.0,3411.0,283.0,302.0,585.0,699.0,678.0,1377.0,1515.0,1493.0,3010.0,3913.0,4152.0,8069.0,4696.0,4961.0,9662.0,5678.0,5941.0,11624.0,"33"
409,"2021","January-March","Telangana",193.0,1518.0,145.0,166.0,312.0,405.0,376.0,781.0,834.0,762.0,1597.0,1954.0,1912.0,3869.0,2208.0,2178.0,4389.0,2758.0,2720.0,5482.0,"36"
410,"2021","January-March","Uttarakhand",94.0,740.0,85.0,69.0,154.0,244.0,195.0,439.0,488.0,406.0,895.0,1044.0,969.0,2014.0,1184.0,1109.0,2294.0,1513.0,1373.0,2887.0,"05"
411,"2021","January-March","Uttar Pradesh",407.0,3232.0,528.0,471.0,1000.0,1357.0,1121.0,2478.0,2412.0,2134.0,4547.0,5122.0,4761.0,9884.0,5742.0,5315.0,11058.0,7627.0,6907.0,14536.0,"09"
412,"2021","January-March","West Bengal",344.0,2737.0,264.0,229.0,493.0,510.0,533.0,1043.0,1313.0,1284.0,2597.0,3417.0,3481.0,6898.0,4114.0,4153.0,8267.0,4888.0,4915.0,9803.0,"19"
413,"2021","January-March","All-India",5601.0,44000.0,5311.0,4858.0,10172.0,13603.0,12185.0,25789.0,24883.0,22934.0,47828.0,59477.0,58362.0,117871.0,68704.0,67780.0,136523.0,87618.0,84823.0,172484.0,"99"
414,"2019","January-March","Andhra Pradesh",224.0,1734.0,209.0,161.0,370.0,443.0,380.0,823.0,777.0,846.0,1625.0,2073.0,2206.0,4283.0,2417.0,2547.0,4969.0,3069.0,3088.0,6162.0,"28"
415,"2019","January-March","Assam",112.0,889.0,91.0,85.0,176.0,236.0,183.0,419.0,459.0,438.0,897.0,1201.0,1150.0,2351.0,1363.0,1308.0,2671.0,1690.0,1576.0,3266.0,"18"
416,"2019","January-March","Bihar",168.0,1339.0,287.0,224.0,511.0,697.0,614.0,1311.0,994.0,899.0,1893.0,2053.0,1929.0,3982.0,2336.0,2193.0,4529.0,3320.0,3031.0,6351.0,"10"
417,"2019","January-March","Chhattisgarh",104.0,823.0,118.0,112.0,230.0,298.0,251.0,549.0,469.0,510.0,979.0,1143.0,1171.0,2314.0,1287.0,1322.0,2609.0,1703.0,1685.0,3388.0,"22"
418,"2019","January-March","Delhi",120.0,860.0,108.0,85.0,193.0,224.0,205.0,429.0,594.0,430.0,1025.0,1220.0,962.0,2183.0,1353.0,1109.0,2463.0,1685.0,1399.0,3085.0,"07"
419,"2019","January-March","Gujarat",231.0,1800.0,236.0,209.0,446.0,550.0,453.0,1004.0,1110.0,945.0,2056.0,2624.0,2430.0,5055.0,3044.0,2899.0,5944.0,3830.0,3561.0,7394.0,"24"
420,"2019","January-March","Haryana",160.0,1232.0,209.0,163.0,372.0,471.0,373.0,844.0,886.0,656.0,1542.0,1889.0,1603.0,3492.0,2116.0,1845.0,3961.0,2796.0,2381.0,5177.0,"06"
421,"2019","January-March","Himachal Pradesh",48.0,365.0,44.0,28.0,72.0,94.0,94.0,188.0,163.0,121.0,284.0,405.0,360.0,765.0,463.0,417.0,880.0,601.0,539.0,1140.0,"02"
422,"2019","January-March","Jammu And Kashmir",178.0,1401.0,205.0,197.0,402.0,515.0,417.0,932.0,829.0,762.0,1591.0,2066.0,2034.0,4100.0,2416.0,2348.0,4764.0,3136.0,2962.0,6098.0,"01"
423,"2019","January-March","Jharkhand",135.0,1071.0,170.0,123.0,293.0,448.0,393.0,841.0,680.0,648.0,1328.0,1496.0,1478.0,2974.0,1705.0,1661.0,3366.0,2323.0,2177.0,4500.0,"20"
424,"2019","January-March","Karnataka",296.0,2306.0,338.0,279.0,617.0,632.0,566.0,1198.0,1217.0,1182.0,2399.0,2942.0,2876.0,5818.0,3392.0,3362.0,6754.0,4362.0,4207.0,8569.0,"29"
425,"2019","January-March","Kerala",304.0,2409.0,314.0,306.0,620.0,628.0,630.0,1258.0,948.0,1002.0,1950.0,2645.0,3094.0,5740.0,3390.0,3983.0,7374.0,4332.0,4919.0,9252.0,"32"
426,"2019","January-March","Madhya Pradesh",248.0,1960.0,312.0,271.0,583.0,668.0,569.0,1237.0,1377.0,1168.0,2546.0,2999.0,2726.0,5726.0,3376.0,3163.0,6540.0,4356.0,4003.0,8360.0,"23"
427,"2019","January-March","Maharashtra",551.0,4276.0,533.0,500.0,1033.0,1320.0,1210.0,2530.0,2335.0,2181.0,4517.0,5679.0,5489.0,11170.0,6603.0,6532.0,13137.0,8456.0,8242.0,16700.0,"27"
428,"2019","January-March","Odisha",136.0,1068.0,103.0,112.0,215.0,243.0,236.0,479.0,512.0,537.0,1049.0,1292.0,1358.0,2650.0,1516.0,1525.0,3041.0,1862.0,1873.0,3735.0,"21"
429,"2019","January-March","Punjab",208.0,1641.0,253.0,207.0,460.0,547.0,491.0,1038.0,967.0,828.0,1795.0,2315.0,2128.0,4446.0,2668.0,2472.0,5143.0,3468.0,3170.0,6641.0,"03"
430,"2019","January-March","Rajasthan",216.0,1682.0,309.0,275.0,584.0,706.0,615.0,1321.0,1274.0,1117.0,2391.0,2667.0,2475.0,5142.0,2995.0,2815.0,5810.0,4010.0,3705.0,7715.0,"08"
431,"2019","January-March","Tamil Nadu",438.0,3456.0,363.0,323.0,686.0,763.0,678.0,1441.0,1478.0,1500.0,2978.0,3894.0,4090.0,7984.0,4623.0,4878.0,9502.0,5749.0,5879.0,11629.0,"33"
432,"2019","January-March","Telangana",198.0,1556.0,172.0,170.0,342.0,430.0,367.0,797.0,813.0,809.0,1622.0,1943.0,1943.0,3886.0,2209.0,2190.0,4399.0,2811.0,2727.0,5538.0,"36"
433,"2019","January-March","Uttarakhand",96.0,753.0,126.0,107.0,233.0,302.0,262.0,564.0,558.0,441.0,999.0,1124.0,1023.0,2147.0,1237.0,1144.0,2381.0,1665.0,1513.0,3178.0,"05"
434,"2019","January-March","Uttar Pradesh",407.0,3205.0,619.0,513.0,1132.0,1423.0,1203.0,2626.0,2375.0,2193.0,4568.0,4943.0,4756.0,9699.0,5541.0,5314.0,10855.0,7583.0,7030.0,14613.0,"09"
435,"2019","January-March","West Bengal",375.0,2974.0,316.0,299.0,616.0,694.0,645.0,1339.0,1580.0,1576.0,3156.0,3951.0,3976.0,7927.0,4657.0,4697.0,9354.0,5667.0,5641.0,11309.0,"19"
436,"2019","January-March","All-India",5740.0,45024.0,6182.0,5480.0,11664.0,14245.0,12608.0,26854.0,25795.0,24105.0,49910.0,60876.0,59553.0,120448.0,70042.0,69079.0,139142.0,90469.0,87167.0,177660.0,"99"
437,"2018","July-September","Andhra Pradesh",224.0,1717.0,184.0,189.0,373.0,456.0,367.0,823.0,756.0,903.0,1660.0,2027.0,2211.0,4239.0,2338.0,2536.0,4875.0,2978.0,3092.0,6071.0,"28"
438,"2018","July-September","Assam",112.0,893.0,91.0,99.0,190.0,200.0,212.0,412.0,478.0,457.0,935.0,1240.0,1201.0,2442.0,1394.0,1348.0,2743.0,1685.0,1659.0,3345.0,"18"
439,"2018","July-September","Bihar",168.0,1336.0,282.0,234.0,516.0,728.0,617.0,1345.0,974.0,865.0,1839.0,2026.0,1898.0,3924.0,2293.0,2131.0,4424.0,3303.0,2982.0,6285.0,"10"
440,"2018","July-September","Chhattisgarh",104.0,818.0,107.0,106.0,213.0,281.0,252.0,533.0,497.0,486.0,983.0,1156.0,1176.0,2332.0,1287.0,1314.0,2601.0,1675.0,1672.0,3347.0,"22"
441,"2018","July-September","Delhi",119.0,855.0,109.0,93.0,202.0,233.0,181.0,414.0,617.0,474.0,1095.0,1255.0,1027.0,2286.0,1394.0,1161.0,2559.0,1736.0,1435.0,3175.0,"07"
442,"2018","July-September","Gujarat",230.0,1792.0,253.0,227.0,481.0,556.0,484.0,1041.0,1164.0,1006.0,2171.0,2702.0,2513.0,5217.0,3104.0,2916.0,6022.0,3913.0,3627.0,7544.0,"24"
443,"2018","July-September","Haryana",160.0,1228.0,216.0,151.0,367.0,452.0,370.0,822.0,857.0,674.0,1532.0,1849.0,1576.0,3426.0,2069.0,1813.0,3883.0,2737.0,2334.0,5072.0,"06"
444,"2018","July-September","Himachal Pradesh",48.0,365.0,48.0,37.0,85.0,106.0,94.0,200.0,177.0,137.0,314.0,417.0,383.0,800.0,489.0,454.0,943.0,643.0,585.0,1228.0,"02"
445,"2018","July-September","Jammu And Kashmir",178.0,1416.0,195.0,184.0,379.0,494.0,460.0,954.0,868.0,812.0,1680.0,2150.0,2087.0,4238.0,2468.0,2393.0,4862.0,3157.0,3037.0,6195.0,"01"
446,"2018","July-September","Jharkhand",135.0,1057.0,159.0,120.0,279.0,459.0,429.0,888.0,679.0,632.0,1311.0,1507.0,1467.0,2976.0,1691.0,1649.0,3342.0,2309.0,2198.0,4509.0,"20"
447,"2018","July-September","Karnataka",296.0,2308.0,326.0,290.0,616.0,623.0,607.0,1230.0,1264.0,1234.0,2498.0,3015.0,3002.0,6018.0,3455.0,3479.0,6935.0,4404.0,4376.0,8781.0,"29"
448,"2018","July-September","Kerala",303.0,2403.0,314.0,289.0,603.0,602.0,627.0,1229.0,928.0,989.0,1917.0,2588.0,3119.0,5708.0,3373.0,4007.0,7381.0,4289.0,4923.0,9213.0,"32"
449,"2018","July-September","Madhya Pradesh",248.0,1942.0,308.0,271.0,579.0,726.0,655.0,1381.0,1333.0,1192.0,2525.0,2960.0,2796.0,5756.0,3348.0,3210.0,6558.0,4382.0,4136.0,8518.0,"23"
450,"2018","July-September","Maharashtra",556.0,4259.0,548.0,503.0,1051.0,1314.0,1201.0,2515.0,2314.0,2191.0,4506.0,5699.0,5548.0,11248.0,6635.0,6571.0,13207.0,8497.0,8275.0,16773.0,"27"
451,"2018","July-September","Odisha",136.0,1056.0,116.0,124.0,240.0,273.0,256.0,529.0,509.0,578.0,1087.0,1297.0,1378.0,2675.0,1531.0,1596.0,3127.0,1920.0,1976.0,3896.0,"21"
452,"2018","July-September","Punjab",208.0,1629.0,197.0,204.0,401.0,577.0,496.0,1073.0,1012.0,878.0,1890.0,2344.0,2186.0,4532.0,2675.0,2546.0,5223.0,3449.0,3246.0,6697.0,"03"
453,"2018","July-September","Rajasthan",216.0,1671.0,269.0,274.0,543.0,754.0,602.0,1356.0,1300.0,1075.0,2375.0,2677.0,2452.0,5129.0,3012.0,2805.0,5817.0,4035.0,3681.0,7716.0,"08"
454,"2018","July-September","Tamil Nadu",440.0,3465.0,348.0,322.0,670.0,758.0,689.0,1447.0,1520.0,1505.0,3025.0,3930.0,4075.0,8005.0,4679.0,4875.0,9554.0,5785.0,5886.0,11671.0,"33"
455,"2018","July-September","Telangana",200.0,1578.0,170.0,171.0,341.0,486.0,377.0,863.0,819.0,830.0,1649.0,1987.0,1997.0,3984.0,2263.0,2254.0,4517.0,2919.0,2802.0,5721.0,"36"
456,"2018","July-September","Uttarakhand",96.0,750.0,106.0,97.0,203.0,312.0,251.0,563.0,491.0,411.0,903.0,1087.0,1001.0,2090.0,1195.0,1141.0,2338.0,1613.0,1489.0,3104.0,"05"
457,"2018","July-September","Uttar Pradesh",407.0,3197.0,622.0,555.0,1177.0,1435.0,1252.0,2687.0,2400.0,2179.0,4579.0,4978.0,4736.0,9715.0,5602.0,5304.0,10907.0,7659.0,7111.0,14771.0,"09"
458,"2018","July-September","West Bengal",375.0,2967.0,320.0,298.0,619.0,688.0,625.0,1313.0,1636.0,1597.0,3233.0,4026.0,4059.0,8085.0,4739.0,4715.0,9454.0,5747.0,5638.0,11386.0,"19"
459,"2018","July-September","All-India",5745.0,44887.0,6057.0,5579.0,11638.0,14537.0,13046.0,27584.0,25996.0,24431.0,50441.0,61204.0,60314.0,121543.0,70295.0,69651.0,139971.0,90889.0,88276.0,179193.0,"99"
460,"2018","October-December","Andhra Pradesh",224.0,1729.0,175.0,167.0,342.0,447.0,366.0,813.0,766.0,854.0,1622.0,2053.0,2193.0,4250.0,2367.0,2520.0,4892.0,2989.0,3053.0,6047.0,"28"
461,"2018","October-December","Assam",112.0,889.0,89.0,96.0,185.0,228.0,184.0,412.0,460.0,454.0,914.0,1210.0,1166.0,2377.0,1368.0,1321.0,2690.0,1685.0,1601.0,3287.0,"18"
462,"2018","October-December","Bihar",168.0,1335.0,292.0,225.0,517.0,721.0,598.0,1319.0,970.0,890.0,1860.0,2023.0,1926.0,3949.0,2317.0,2172.0,4489.0,3330.0,2995.0,6325.0,"10"
463,"2018","October-December","Chhattisgarh",104.0,817.0,109.0,115.0,224.0,296.0,247.0,543.0,475.0,492.0,967.0,1125.0,1170.0,2295.0,1270.0,1315.0,2585.0,1675.0,1677.0,3352.0,"22"
464,"2018","October-December","Delhi",119.0,846.0,106.0,89.0,195.0,231.0,192.0,423.0,595.0,440.0,1039.0,1237.0,999.0,2240.0,1376.0,1145.0,2525.0,1713.0,1426.0,3143.0,"07"
465,"2018","October-December","Gujarat",229.0,1765.0,226.0,209.0,436.0,545.0,451.0,997.0,1132.0,969.0,2102.0,2613.0,2408.0,5022.0,3006.0,2839.0,5846.0,3777.0,3499.0,7279.0,"24"
466,"2018","October-December","Haryana",160.0,1223.0,207.0,149.0,356.0,445.0,371.0,816.0,885.0,662.0,1548.0,1866.0,1581.0,3448.0,2084.0,1806.0,3891.0,2736.0,2326.0,5063.0,"06"
467,"2018","October-December","Himachal Pradesh",48.0,366.0,46.0,34.0,80.0,102.0,98.0,200.0,179.0,140.0,319.0,420.0,388.0,808.0,490.0,446.0,936.0,638.0,578.0,1216.0,"02"
468,"2018","October-December","Jammu And Kashmir",178.0,1421.0,216.0,186.0,402.0,506.0,438.0,944.0,815.0,792.0,1607.0,2084.0,2102.0,4186.0,2415.0,2408.0,4823.0,3137.0,3032.0,6169.0,"01"
469,"2018","October-December","Jharkhand",135.0,1068.0,157.0,113.0,270.0,449.0,434.0,883.0,663.0,636.0,1299.0,1486.0,1468.0,2954.0,1688.0,1654.0,3342.0,2294.0,2201.0,4495.0,"20"
470,"2018","October-December","Karnataka",296.0,2320.0,335.0,280.0,615.0,615.0,543.0,1158.0,1241.0,1209.0,2450.0,2965.0,2920.0,5886.0,3431.0,3413.0,6845.0,4381.0,4236.0,8618.0,"29"
471,"2018","October-December","Kerala",304.0,2414.0,299.0,287.0,586.0,608.0,623.0,1231.0,941.0,992.0,1933.0,2610.0,3100.0,5711.0,3385.0,3983.0,7369.0,4292.0,4893.0,9186.0,"32"
472,"2018","October-December","Madhya Pradesh",248.0,1953.0,294.0,266.0,560.0,717.0,610.0,1327.0,1334.0,1163.0,2497.0,2971.0,2749.0,5720.0,3361.0,3186.0,6547.0,4372.0,4062.0,8434.0,"23"
473,"2018","October-December","Maharashtra",554.0,4271.0,533.0,509.0,1042.0,1285.0,1193.0,2478.0,2247.0,2173.0,4421.0,5608.0,5521.0,11130.0,6561.0,6574.0,13136.0,8379.0,8276.0,16656.0,"27"
474,"2018","October-December","Odisha",136.0,1058.0,122.0,117.0,239.0,254.0,248.0,502.0,508.0,555.0,1063.0,1280.0,1364.0,2644.0,1509.0,1557.0,3066.0,1885.0,1922.0,3807.0,"21"
475,"2018","October-December","Punjab",208.0,1631.0,241.0,205.0,446.0,565.0,508.0,1073.0,988.0,854.0,1842.0,2308.0,2154.0,4465.0,2649.0,2513.0,5165.0,3455.0,3226.0,6684.0,"03"
476,"2018","October-December","Rajasthan",216.0,1668.0,283.0,287.0,570.0,754.0,603.0,1357.0,1292.0,1098.0,2390.0,2713.0,2500.0,5213.0,3041.0,2841.0,5882.0,4078.0,3731.0,7809.0,"08"
477,"2018","October-December","Tamil Nadu",439.0,3462.0,351.0,336.0,687.0,786.0,692.0,1478.0,1509.0,1504.0,3013.0,3925.0,4097.0,8022.0,4650.0,4866.0,9516.0,5787.0,5894.0,11681.0,"33"
478,"2018","October-December","Telangana",200.0,1588.0,154.0,158.0,312.0,445.0,356.0,801.0,821.0,797.0,1618.0,1985.0,1939.0,3924.0,2245.0,2205.0,4450.0,2844.0,2719.0,5563.0,"36"
479,"2018","October-December","Uttarakhand",96.0,750.0,113.0,110.0,223.0,306.0,272.0,578.0,526.0,413.0,939.0,1111.0,990.0,2101.0,1218.0,1124.0,2342.0,1637.0,1506.0,3143.0,"05"
480,"2018","October-December","Uttar Pradesh",407.0,3204.0,630.0,539.0,1169.0,1451.0,1230.0,2681.0,2372.0,2188.0,4560.0,4948.0,4746.0,9695.0,5554.0,5297.0,10852.0,7635.0,7066.0,14702.0,"09"
481,"2018","October-December","West Bengal",375.0,2967.0,306.0,300.0,607.0,669.0,626.0,1295.0,1598.0,1569.0,3167.0,3994.0,4013.0,8007.0,4698.0,4709.0,9407.0,5673.0,5635.0,11309.0,"19"
482,"2018","October-December","All-India",5743.0,44963.0,6032.0,5487.0,11521.0,14368.0,12746.0,27115.0,25751.0,24148.0,49912.0,60874.0,59863.0,120759.0,70003.0,69304.0,139330.0,90403.0,87537.0,177966.0,"99"
483,"2023","October-December","Andhra Pradesh",222.0,1751.0,161.0,138.0,299.0,392.0,384.0,776.0,781.0,722.0,1503.0,1949.0,2101.0,4050.0,2281.0,2439.0,4720.0,2834.0,2961.0,5795.0,"28"
484,"2023","October-December","Assam",112.0,889.0,94.0,83.0,177.0,249.0,189.0,438.0,393.0,392.0,785.0,1129.0,1118.0,2247.0,1314.0,1311.0,2625.0,1657.0,1583.0,3240.0,"18"
485,"2023","October-December","Bihar",168.0,1335.0,364.0,266.0,630.0,570.0,559.0,1129.0,917.0,776.0,1693.0,2013.0,1837.0,3850.0,2241.0,2049.0,4290.0,3175.0,2874.0,6049.0,"10"
486,"2023","October-December","Chhattisgarh",103.0,823.0,93.0,100.0,193.0,241.0,221.0,462.0,469.0,446.0,915.0,1165.0,1140.0,2305.0,1335.0,1324.0,2659.0,1669.0,1645.0,3314.0,"22"
487,"2023","October-December","Delhi",120.0,841.0,79.0,74.0,153.0,227.0,193.0,420.0,452.0,355.0,807.0,1062.0,896.0,1958.0,1208.0,1043.0,2251.0,1514.0,1310.0,2824.0,"07"
488,"2023","October-December","Gujarat",232.0,1812.0,224.0,190.0,414.0,506.0,427.0,933.0,1082.0,961.0,2043.0,2623.0,2455.0,5078.0,3026.0,2901.0,5927.0,3756.0,3518.0,7274.0,"24"
489,"2023","October-December","Haryana",160.0,1232.0,165.0,149.0,314.0,393.0,295.0,688.0,753.0,589.0,1342.0,1703.0,1507.0,3210.0,1951.0,1800.0,3751.0,2509.0,2244.0,4753.0,"06"
490,"2023","October-December","Himachal Pradesh",48.0,372.0,32.0,27.0,59.0,93.0,72.0,165.0,179.0,136.0,315.0,428.0,357.0,785.0,471.0,417.0,888.0,596.0,516.0,1112.0,"02"
491,"2023","October-December","Jharkhand",136.0,1080.0,154.0,152.0,306.0,378.0,349.0,727.0,652.0,602.0,1255.0,1482.0,1434.0,2917.0,1700.0,1625.0,3326.0,2232.0,2126.0,4359.0,"20"
492,"2023","October-December","Karnataka",293.0,2301.0,226.0,220.0,446.0,498.0,437.0,935.0,1138.0,1080.0,2218.0,2774.0,2678.0,5452.0,3209.0,3172.0,6381.0,3933.0,3829.0,7762.0,"29"
493,"2023","October-December","Kerala",303.0,2385.0,246.0,264.0,510.0,588.0,583.0,1171.0,819.0,834.0,1653.0,2275.0,2718.0,4993.0,3066.0,3631.0,6698.0,3900.0,4478.0,8379.0,"32"
494,"2023","October-December","Madhya Pradesh",246.0,1918.0,287.0,247.0,534.0,614.0,576.0,1190.0,1147.0,1056.0,2203.0,2705.0,2643.0,5348.0,3091.0,3064.0,6155.0,3992.0,3887.0,7879.0,"23"
495,"2023","October-December","Maharashtra",555.0,4302.0,462.0,444.0,906.0,1186.0,1106.0,2292.0,2188.0,1905.0,4093.0,5597.0,5255.0,10852.0,6514.0,6264.0,12778.0,8162.0,7814.0,15976.0,"27"
496,"2023","October-December","Odisha",136.0,1067.0,113.0,119.0,232.0,262.0,253.0,515.0,505.0,524.0,1029.0,1292.0,1334.0,2626.0,1521.0,1542.0,3063.0,1896.0,1914.0,3810.0,"21"
497,"2023","October-December","Punjab",208.0,1600.0,186.0,189.0,375.0,476.0,416.0,892.0,854.0,683.0,1538.0,2072.0,1884.0,3957.0,2445.0,2290.0,4736.0,3107.0,2895.0,6003.0,"03"
498,"2023","October-December","Rajasthan",216.0,1635.0,252.0,220.0,472.0,610.0,534.0,1144.0,1133.0,992.0,2125.0,2486.0,2385.0,4871.0,2854.0,2760.0,5614.0,3716.0,3514.0,7230.0,"08"
499,"2023","October-December","Tamil Nadu",437.0,3438.0,276.0,282.0,558.0,700.0,673.0,1373.0,1421.0,1438.0,2859.0,3788.0,3984.0,7773.0,4543.0,4814.0,9358.0,5519.0,5769.0,11289.0,"33"
500,"2023","October-December","Telangana",197.0,1538.0,147.0,146.0,293.0,447.0,419.0,866.0,722.0,705.0,1427.0,1821.0,1815.0,3636.0,2080.0,2078.0,4158.0,2674.0,2643.0,5317.0,"36"
501,"2023","October-December","Uttarakhand",96.0,733.0,91.0,88.0,179.0,240.0,246.0,486.0,365.0,340.0,705.0,910.0,900.0,1810.0,1059.0,1029.0,2088.0,1390.0,1363.0,2753.0,"05"
502,"2023","October-December","Uttar Pradesh",408.0,3238.0,605.0,524.0,1129.0,1357.0,1117.0,2474.0,2243.0,1942.0,4185.0,4882.0,4585.0,9467.0,5492.0,5174.0,10666.0,7454.0,6815.0,14269.0,"09"
503,"2023","October-December","West Bengal",372.0,2926.0,285.0,298.0,583.0,669.0,593.0,1262.0,1323.0,1416.0,2739.0,3745.0,3856.0,7601.0,4557.0,4618.0,9175.0,5511.0,5509.0,11020.0,"19"
504,"2023","October-December","Jammu And Kashmir",168.0,1340.0,185.0,186.0,371.0,448.0,388.0,836.0,741.0,607.0,1348.0,1934.0,1768.0,3702.0,2274.0,2094.0,4368.0,2907.0,2668.0,5575.0,"01"
505,"2023","October-December","All-India",5697.0,44544.0,5434.0,5169.0,10603.0,13120.0,11916.0,25036.0,23227.0,21437.0,44666.0,57560.0,56534.0,114098.0,67052.0,66513.0,133570.0,85606.0,83598.0,169209.0,"99"
506,"2024","January-March","Andhra Pradesh",223.0,1751.0,131.0,135.0,266.0,366.0,368.0,734.0,762.0,708.0,1470.0,1925.0,2044.0,3969.0,2274.0,2413.0,4687.0,2771.0,2916.0,5687.0,"28"
507,"2024","January-March","Assam",112.0,890.0,88.0,81.0,169.0,228.0,200.0,428.0,386.0,383.0,769.0,1123.0,1122.0,2245.0,1314.0,1320.0,2634.0,1630.0,1601.0,3231.0,"18"
508,"2024","January-March","Bihar",168.0,1335.0,336.0,279.0,615.0,564.0,556.0,1120.0,952.0,807.0,1759.0,2041.0,1867.0,3909.0,2278.0,2088.0,4367.0,3178.0,2923.0,6102.0,"10"
509,"2024","January-March","Chhattisgarh",103.0,816.0,80.0,92.0,172.0,237.0,194.0,431.0,469.0,457.0,926.0,1164.0,1138.0,2302.0,1323.0,1301.0,2624.0,1640.0,1587.0,3227.0,"22"
510,"2024","January-March","Delhi",120.0,810.0,74.0,77.0,151.0,209.0,186.0,395.0,402.0,334.0,736.0,983.0,848.0,1831.0,1126.0,994.0,2120.0,1409.0,1257.0,2666.0,"07"
511,"2024","January-March","Gujarat",231.0,1809.0,242.0,196.0,438.0,479.0,448.0,927.0,1073.0,988.0,2061.0,2590.0,2470.0,5061.0,3000.0,2906.0,5907.0,3721.0,3550.0,7272.0,"24"
512,"2024","January-March","Haryana",160.0,1236.0,185.0,156.0,341.0,407.0,307.0,714.0,740.0,594.0,1334.0,1694.0,1505.0,3199.0,1959.0,1794.0,3753.0,2551.0,2257.0,4808.0,"06"
513,"2024","January-March","Himachal Pradesh",48.0,372.0,32.0,26.0,58.0,87.0,68.0,155.0,175.0,130.0,305.0,422.0,352.0,774.0,484.0,423.0,907.0,603.0,517.0,1120.0,"02"
514,"2024","January-March","Jharkhand",136.0,1072.0,157.0,144.0,301.0,376.0,348.0,724.0,642.0,600.0,1244.0,1486.0,1436.0,2924.0,1696.0,1638.0,3336.0,2229.0,2130.0,4361.0,"20"
515,"2024","January-March","Karnataka",295.0,2314.0,223.0,210.0,433.0,508.0,432.0,940.0,1117.0,998.0,2115.0,2751.0,2625.0,5376.0,3199.0,3153.0,6352.0,3930.0,3795.0,7725.0,"29"
516,"2024","January-March","Kerala",304.0,2385.0,234.0,267.0,501.0,584.0,581.0,1165.0,792.0,817.0,1609.0,2281.0,2697.0,4978.0,3048.0,3618.0,6667.0,3866.0,4466.0,8333.0,"32"
517,"2024","January-March","Madhya Pradesh",246.0,1917.0,293.0,256.0,549.0,625.0,590.0,1215.0,1110.0,1052.0,2162.0,2676.0,2641.0,5317.0,3087.0,3069.0,6156.0,4005.0,3915.0,7920.0,"23"
518,"2024","January-March","Maharashtra",557.0,4350.0,471.0,434.0,905.0,1205.0,1071.0,2276.0,2270.0,1953.0,4224.0,5714.0,5346.0,11061.0,6627.0,6341.0,12969.0,8303.0,7846.0,16150.0,"27"
519,"2024","January-March","Odisha",136.0,1047.0,113.0,123.0,236.0,269.0,253.0,522.0,510.0,474.0,984.0,1308.0,1293.0,2601.0,1537.0,1495.0,3032.0,1919.0,1871.0,3790.0,"21"
520,"2024","January-March","Punjab",208.0,1645.0,180.0,198.0,378.0,499.0,461.0,960.0,881.0,737.0,1619.0,2167.0,2013.0,4181.0,2547.0,2425.0,4973.0,3226.0,3084.0,6311.0,"03"
521,"2024","January-March","Rajasthan",216.0,1637.0,252.0,226.0,478.0,604.0,554.0,1158.0,1122.0,978.0,2100.0,2458.0,2365.0,4823.0,2846.0,2777.0,5623.0,3702.0,3557.0,7259.0,"08"
522,"2024","January-March","Tamil Nadu",438.0,3451.0,317.0,308.0,625.0,729.0,671.0,1400.0,1318.0,1381.0,2699.0,3679.0,3942.0,7622.0,4459.0,4828.0,9288.0,5505.0,5807.0,11313.0,"33"
523,"2024","January-March","Telangana",198.0,1549.0,155.0,150.0,305.0,444.0,431.0,875.0,701.0,663.0,1364.0,1817.0,1810.0,3627.0,2095.0,2095.0,4190.0,2694.0,2676.0,5370.0,"36"
524,"2024","January-March","Uttarakhand",96.0,720.0,104.0,81.0,185.0,220.0,238.0,458.0,378.0,346.0,724.0,931.0,892.0,1823.0,1070.0,1022.0,2092.0,1394.0,1341.0,2735.0,"05"
525,"2024","January-March","Uttar Pradesh",408.0,3231.0,563.0,503.0,1066.0,1371.0,1127.0,2498.0,2205.0,1921.0,4126.0,4878.0,4557.0,9435.0,5502.0,5155.0,10657.0,7436.0,6785.0,14221.0,"09"
526,"2024","January-March","West Bengal",370.0,2909.0,293.0,311.0,604.0,631.0,604.0,1235.0,1345.0,1410.0,2755.0,3730.0,3811.0,7541.0,4507.0,4592.0,9099.0,5431.0,5507.0,10938.0,"19"
527,"2024","January-March","Jammu And Kashmir",168.0,1327.0,189.0,169.0,358.0,451.0,404.0,855.0,721.0,622.0,1343.0,1931.0,1787.0,3718.0,2250.0,2127.0,4377.0,2890.0,2700.0,5590.0,"01"
528,"2024","January-March","All-India",5706.0,44598.0,5421.0,5157.0,10578.0,13045.0,11956.0,25001.0,23018.0,21302.0,44324.0,57528.0,56473.0,114009.0,67135.0,66736.0,133880.0,85601.0,83849.0,169459.0,"99"
